core_protein_id,assembly_accession,protein_id,contig_id,source,type,start,end,na1,strand,na2,metadata,description
WP_007110057.1@GCF_000731985.1,GCF_000731985.1,WP_007110048.1,NZ_JNCS01000004.1,Protein Homology,CDS,306025,306522,.,-,0,"ID=cds-WP_007110048.1;Parent=gene-ALTAJ2_RS10445;Dbxref=GenBank:WP_007110048.1;Name=WP_007110048.1;Ontology_term=GO:0009058,GO:0003824;gbkey=CDS;go_function=catalytic activity|0003824||IEA;go_process=biosynthetic process|0009058||IEA;inference=COORDINATES: similar to AA sequence:RefSeq:WP_006184999.1;locus_tag=ALTAJ2_RS10445;product=adenylyltransferase/cytidyltransferase family protein;protein_id=WP_007110048.1;transl_table=11",adenylyltransferase/cytidyltransferase family protein
WP_007110057.1@GCF_000731985.1,GCF_000731985.1,WP_007110049.1,NZ_JNCS01000004.1,Protein Homology,CDS,306519,306959,.,-,0,ID=cds-WP_007110049.1;Parent=gene-ALTAJ2_RS10450;Dbxref=GenBank:WP_007110049.1;Name=WP_007110049.1;gbkey=CDS;inference=COORDINATES: similar to AA sequence:RefSeq:WP_007110049.1;locus_tag=ALTAJ2_RS10450;product=hypothetical protein;protein_id=WP_007110049.1;transl_table=11,hypothetical protein
WP_007110057.1@GCF_000731985.1,GCF_000731985.1,WP_007110050.1,NZ_JNCS01000004.1,Protein Homology,CDS,307157,309040,.,+,0,"ID=cds-WP_007110050.1;Parent=gene-ALTAJ2_RS10455;Dbxref=GenBank:WP_007110050.1;Name=WP_007110050.1;Ontology_term=GO:0055085,GO:0016020;gbkey=CDS;go_component=membrane|0016020||IEA;go_process=transmembrane transport|0055085||IEA;inference=COORDINATES: similar to AA sequence:RefSeq:WP_008456171.1;locus_tag=ALTAJ2_RS10455;product=SLC13 family permease;protein_id=WP_007110050.1;transl_table=11",SLC13 family permease
WP_007110057.1@GCF_000731985.1,GCF_000731985.1,WP_007110051.1,NZ_JNCS01000004.1,Protein Homology,CDS,309046,309225,.,-,0,ID=cds-WP_007110051.1;Parent=gene-ALTAJ2_RS10460;Dbxref=GenBank:WP_007110051.1;Name=WP_007110051.1;gbkey=CDS;inference=COORDINATES: similar to AA sequence:RefSeq:WP_007110051.1;locus_tag=ALTAJ2_RS10460;product=hypothetical protein;protein_id=WP_007110051.1;transl_table=11,hypothetical protein
WP_007110057.1@GCF_000731985.1,GCF_000731985.1,WP_007110052.1,NZ_JNCS01000004.1,Protein Homology,CDS,309280,309591,.,-,0,ID=cds-WP_007110052.1;Parent=gene-ALTAJ2_RS10465;Dbxref=GenBank:WP_007110052.1;Name=WP_007110052.1;gbkey=CDS;inference=COORDINATES: similar to AA sequence:RefSeq:WP_006184996.1;locus_tag=ALTAJ2_RS10465;product=hypothetical protein;protein_id=WP_007110052.1;transl_table=11,hypothetical protein
WP_007110057.1@GCF_000731985.1,GCF_000731985.1,WP_007110053.1,NZ_JNCS01000004.1,Protein Homology,CDS,309675,310724,.,-,0,"ID=cds-WP_007110053.1;Parent=gene-ALTAJ2_RS10470;Dbxref=GenBank:WP_007110053.1;Name=WP_007110053.1;Ontology_term=GO:0005524,GO:0016887,GO:0042626,GO:0140359;gbkey=CDS;go_function=ATP binding|0005524||IEA,ATP hydrolysis activity|0016887||IEA,ATPase-coupled transmembrane transporter activity|0042626||IEA,ABC-type transporter activity|0140359||IEA;inference=COORDINATES: similar to AA sequence:RefSeq:WP_007110053.1;locus_tag=ALTAJ2_RS10470;product=ABC transporter ATP-binding protein;protein_id=WP_007110053.1;transl_table=11",ABC transporter ATP-binding protein
WP_007110057.1@GCF_000731985.1,GCF_000731985.1,WP_007110054.1,NZ_JNCS01000004.1,Protein Homology,CDS,310721,312634,.,-,0,"ID=cds-WP_007110054.1;Parent=gene-ALTAJ2_RS10475;Dbxref=GenBank:WP_007110054.1;Name=WP_007110054.1;Ontology_term=GO:0006826,GO:0042626,GO:0140359;gbkey=CDS;go_function=ATPase-coupled transmembrane transporter activity|0042626||IEA,ABC-type transporter activity|0140359||IEA;go_process=iron ion transport|0006826||IEA;inference=COORDINATES: similar to AA sequence:RefSeq:WP_006184994.1;locus_tag=ALTAJ2_RS10475;product=iron ABC transporter permease;protein_id=WP_007110054.1;transl_table=11",iron ABC transporter permease
WP_007110057.1@GCF_000731985.1,GCF_000731985.1,WP_049900695.1,NZ_JNCS01000004.1,Protein Homology,CDS,312639,313718,.,-,0,"ID=cds-WP_049900695.1;Parent=gene-ALTAJ2_RS10480;Dbxref=GenBank:WP_049900695.1;Name=WP_049900695.1;Ontology_term=GO:0042626,GO:0140359,GO:0055052;gbkey=CDS;go_component=ATP-binding cassette (ABC) transporter complex%2C substrate-binding subunit-containing|0055052||IEA;go_function=ATPase-coupled transmembrane transporter activity|0042626||IEA,ABC-type transporter activity|0140359||IEA;inference=COORDINATES: similar to AA sequence:RefSeq:WP_006184992.1;locus_tag=ALTAJ2_RS10480;product=thiamine ABC transporter substrate binding subunit;protein_id=WP_049900695.1;transl_table=11",thiamine ABC transporter substrate binding subunit
WP_007110057.1@GCF_000731985.1,GCF_000731985.1,WP_007110056.1,NZ_JNCS01000004.1,Protein Homology,CDS,313827,314948,.,+,0,"ID=cds-WP_007110056.1;Parent=gene-ALTAJ2_RS10485;Dbxref=GenBank:WP_007110056.1;Name=WP_007110056.1;Ontology_term=GO:1905887,GO:0015562;gbkey=CDS;go_function=efflux transmembrane transporter activity|0015562||IEA;go_process=autoinducer AI-2 transmembrane transport|1905887||IEA;inference=COORDINATES: similar to AA sequence:RefSeq:WP_007110056.1;locus_tag=ALTAJ2_RS10485;product=AI-2E family transporter;protein_id=WP_007110056.1;transl_table=11",AI-2E family transporter
WP_007110057.1@GCF_000731985.1,GCF_000731985.1,WP_007110057.1,NZ_JNCS01000004.1,Protein Homology,CDS,315049,315900,.,-,0,ID=cds-WP_007110057.1;Parent=gene-ALTAJ2_RS20085;Dbxref=GenBank:WP_007110057.1;Name=WP_007110057.1;gbkey=CDS;inference=COORDINATES: similar to AA sequence:RefSeq:WP_007110057.1;locus_tag=ALTAJ2_RS20085;product=halocin C8-like domain-containing protein;protein_id=WP_007110057.1;transl_table=11,halocin C8-like domain-containing protein
WP_007110057.1@GCF_000731985.1,GCF_000731985.1,WP_007110058.1,NZ_JNCS01000004.1,Protein Homology,CDS,316128,316937,.,-,0,ID=cds-WP_007110058.1;Parent=gene-ALTAJ2_RS10495;Dbxref=GenBank:WP_007110058.1;Name=WP_007110058.1;gbkey=CDS;inference=COORDINATES: similar to AA sequence:RefSeq:WP_007110058.1;locus_tag=ALTAJ2_RS10495;product=winged helix-turn-helix domain-containing protein;protein_id=WP_007110058.1;transl_table=11,winged helix-turn-helix domain-containing protein
WP_007110057.1@GCF_000731985.1,GCF_000731985.1,WP_007110059.1,NZ_JNCS01000004.1,Protein Homology,CDS,317248,317460,.,+,0,ID=cds-WP_007110059.1;Parent=gene-ALTAJ2_RS10500;Dbxref=GenBank:WP_007110059.1;Name=WP_007110059.1;gbkey=CDS;inference=COORDINATES: similar to AA sequence:RefSeq:WP_007110059.1;locus_tag=ALTAJ2_RS10500;product=hypothetical protein;protein_id=WP_007110059.1;transl_table=11,hypothetical protein
WP_007110057.1@GCF_000731985.1,GCF_000731985.1,WP_007110060.1,NZ_JNCS01000004.1,Protein Homology,CDS,317468,319072,.,-,0,ID=cds-WP_007110060.1;Parent=gene-ALTAJ2_RS10505;Dbxref=GenBank:WP_007110060.1;Name=WP_007110060.1;gbkey=CDS;inference=COORDINATES: similar to AA sequence:RefSeq:WP_006184988.1;locus_tag=ALTAJ2_RS10505;product=hypothetical protein;protein_id=WP_007110060.1;transl_table=11,hypothetical protein
WP_007110057.1@GCF_000731985.1,GCF_000731985.1,WP_239647725.1,NZ_JNCS01000004.1,Protein Homology,CDS,319086,319295,.,-,0,ID=cds-WP_239647725.1;Parent=gene-ALTAJ2_RS10510;Dbxref=GenBank:WP_239647725.1;Name=WP_239647725.1;gbkey=CDS;inference=COORDINATES: similar to AA sequence:RefSeq:WP_008456189.1;locus_tag=ALTAJ2_RS10510;product=hypothetical protein;protein_id=WP_239647725.1;transl_table=11,hypothetical protein
WP_007110057.1@GCF_000731985.1,GCF_000731985.1,WP_007110062.1,NZ_JNCS01000004.1,Protein Homology,CDS,319678,320280,.,+,0,ID=cds-WP_007110062.1;Parent=gene-ALTAJ2_RS10515;Dbxref=GenBank:WP_007110062.1;Name=WP_007110062.1;gbkey=CDS;inference=COORDINATES: similar to AA sequence:RefSeq:WP_007110062.1;locus_tag=ALTAJ2_RS10515;product=DUF5518 domain-containing protein;protein_id=WP_007110062.1;transl_table=11,DUF5518 domain-containing protein
WP_007110057.1@GCF_000731985.1,GCF_000731985.1,WP_007110063.1,NZ_JNCS01000004.1,Protein Homology,CDS,320348,321664,.,-,0,"ID=cds-WP_007110063.1;Parent=gene-ALTAJ2_RS10520;Dbxref=GenBank:WP_007110063.1;Name=WP_007110063.1;Ontology_term=GO:0042626,GO:0140359;gbkey=CDS;go_function=ATPase-coupled transmembrane transporter activity|0042626||IEA,ABC-type transporter activity|0140359||IEA;inference=COORDINATES: similar to AA sequence:RefSeq:WP_006648445.1;locus_tag=ALTAJ2_RS10520;product=ABC transporter permease;protein_id=WP_007110063.1;transl_table=11",ABC transporter permease
WP_007110057.1@GCF_000731985.1,GCF_000731985.1,WP_007110064.1,NZ_JNCS01000004.1,Protein Homology,CDS,321661,322467,.,-,0,"ID=cds-WP_007110064.1;Parent=gene-ALTAJ2_RS10525;Dbxref=GenBank:WP_007110064.1;Name=WP_007110064.1;Ontology_term=GO:0005524,GO:0016887,GO:0042626,GO:0140359;gbkey=CDS;go_function=ATP binding|0005524||IEA,ATP hydrolysis activity|0016887||IEA,ATPase-coupled transmembrane transporter activity|0042626||IEA,ABC-type transporter activity|0140359||IEA;inference=COORDINATES: similar to AA sequence:RefSeq:WP_008456194.1;locus_tag=ALTAJ2_RS10525;product=ABC transporter ATP-binding protein;protein_id=WP_007110064.1;transl_table=11",ABC transporter ATP-binding protein
WP_007110057.1@GCF_000731985.1,GCF_000731985.1,WP_007110065.1,NZ_JNCS01000004.1,Protein Homology,CDS,322580,322894,.,-,0,ID=cds-WP_007110065.1;Parent=gene-ALTAJ2_RS10530;Dbxref=GenBank:WP_007110065.1;Name=WP_007110065.1;gbkey=CDS;inference=COORDINATES: similar to AA sequence:RefSeq:WP_007110065.1;locus_tag=ALTAJ2_RS10530;product=hypothetical protein;protein_id=WP_007110065.1;transl_table=11,hypothetical protein
WP_007110057.1@GCF_000731985.1,GCF_000731985.1,WP_007110066.1,NZ_JNCS01000004.1,Protein Homology,CDS,323231,324169,.,+,0,ID=cds-WP_007110066.1;Parent=gene-ALTAJ2_RS10535;Dbxref=GenBank:WP_007110066.1;Name=WP_007110066.1;Ontology_term=GO:0005524;gbkey=CDS;go_function=ATP binding|0005524||IEA;inference=COORDINATES: similar to AA sequence:RefSeq:WP_007110066.1;locus_tag=ALTAJ2_RS10535;product=ABC transporter ATP-binding protein;protein_id=WP_007110066.1;transl_table=11,ABC transporter ATP-binding protein
WP_007110057.1@GCF_000731985.1,GCF_000731985.1,WP_007110067.1,NZ_JNCS01000004.1,Protein Homology,CDS,324166,325008,.,+,0,ID=cds-WP_007110067.1;Parent=gene-ALTAJ2_RS10540;Dbxref=GenBank:WP_007110067.1;Name=WP_007110067.1;gbkey=CDS;inference=COORDINATES: similar to AA sequence:RefSeq:WP_006184980.1;locus_tag=ALTAJ2_RS10540;product=ABC transporter permease;protein_id=WP_007110067.1;transl_table=11,ABC transporter permease
WP_007110057.1@GCF_000731985.1,GCF_000731985.1,WP_007110068.1,NZ_JNCS01000004.1,Protein Homology,CDS,325096,325803,.,+,0,"ID=cds-WP_007110068.1;Parent=gene-ALTAJ2_RS10545;Dbxref=GenBank:WP_007110068.1;Name=WP_007110068.1;Ontology_term=GO:0009052,GO:0004751;gbkey=CDS;gene=rpiA;go_function=ribose-5-phosphate isomerase activity|0004751||IEA;go_process=pentose-phosphate shunt%2C non-oxidative branch|0009052||IEA;inference=COORDINATES: similar to AA sequence:RefSeq:WP_008456198.1;locus_tag=ALTAJ2_RS10545;product=ribose-5-phosphate isomerase RpiA;protein_id=WP_007110068.1;transl_table=11",ribose-5-phosphate isomerase RpiA
WP_015299281.1@GCF_000230735.2,GCF_000230735.2,WP_006183070.1,NC_019962.1,Protein Homology,CDS,3761683,3762111,.,+,0,"ID=cds-WP_006183070.1;Parent=gene-NATPE_RS18225;Dbxref=GenBank:WP_006183070.1,GeneID:14333304;Name=WP_006183070.1;gbkey=CDS;inference=COORDINATES: similar to AA sequence:RefSeq:WP_006183070.1;locus_tag=NATPE_RS18225;product=hypothetical protein;protein_id=WP_006183070.1;transl_table=11",hypothetical protein
WP_015299281.1@GCF_000230735.2,GCF_000230735.2,WP_006183071.1,NC_019962.1,Protein Homology,CDS,3762131,3762838,.,-,0,"ID=cds-WP_006183071.1;Parent=gene-NATPE_RS18230;Dbxref=GenBank:WP_006183071.1,GeneID:14333305;Name=WP_006183071.1;Ontology_term=GO:0009052,GO:0004751;gbkey=CDS;gene=rpiA;go_function=ribose-5-phosphate isomerase activity|0004751||IEA;go_process=pentose-phosphate shunt%2C non-oxidative branch|0009052||IEA;inference=COORDINATES: similar to AA sequence:RefSeq:WP_008456198.1;locus_tag=NATPE_RS18230;product=ribose-5-phosphate isomerase RpiA;protein_id=WP_006183071.1;transl_table=11",ribose-5-phosphate isomerase RpiA
WP_015299281.1@GCF_000230735.2,GCF_000230735.2,WP_006183072.1,NC_019962.1,Protein Homology,CDS,3762892,3763746,.,-,0,"ID=cds-WP_006183072.1;Parent=gene-NATPE_RS18235;Dbxref=GenBank:WP_006183072.1,GeneID:14333306;Name=WP_006183072.1;Ontology_term=GO:0055085,GO:0140359;gbkey=CDS;go_function=ABC-type transporter activity|0140359||IEA;go_process=transmembrane transport|0055085||IEA;inference=COORDINATES: similar to AA sequence:RefSeq:WP_006648441.1;locus_tag=NATPE_RS18235;product=ABC transporter permease subunit;protein_id=WP_006183072.1;transl_table=11",ABC transporter permease subunit
WP_015299281.1@GCF_000230735.2,GCF_000230735.2,WP_015299278.1,NC_019962.1,Protein Homology,CDS,3763743,3764684,.,-,0,"ID=cds-WP_015299278.1;Parent=gene-NATPE_RS18240;Dbxref=GenBank:WP_015299278.1,GeneID:14333307;Name=WP_015299278.1;Ontology_term=GO:0005524;gbkey=CDS;go_function=ATP binding|0005524||IEA;inference=COORDINATES: similar to AA sequence:RefSeq:WP_007110066.1;locus_tag=NATPE_RS18240;product=ABC transporter ATP-binding protein;protein_id=WP_015299278.1;transl_table=11",ABC transporter ATP-binding protein
WP_015299281.1@GCF_000230735.2,GCF_000230735.2,WP_006183074.1,NC_019962.1,Protein Homology,CDS,3765003,3765314,.,+,0,"ID=cds-WP_006183074.1;Parent=gene-NATPE_RS18245;Dbxref=GenBank:WP_006183074.1,GeneID:14333308;Name=WP_006183074.1;gbkey=CDS;inference=COORDINATES: similar to AA sequence:RefSeq:WP_006183074.1;locus_tag=NATPE_RS18245;product=hypothetical protein;protein_id=WP_006183074.1;transl_table=11",hypothetical protein
WP_015299281.1@GCF_000230735.2,GCF_000230735.2,WP_006183075.1,NC_019962.1,Protein Homology,CDS,3765425,3766174,.,+,0,"ID=cds-WP_006183075.1;Parent=gene-NATPE_RS18250;Dbxref=GenBank:WP_006183075.1,GeneID:14333309;Name=WP_006183075.1;Ontology_term=GO:0005524,GO:0016887,GO:0042626,GO:0140359;gbkey=CDS;go_function=ATP binding|0005524||IEA,ATP hydrolysis activity|0016887||IEA,ATPase-coupled transmembrane transporter activity|0042626||IEA,ABC-type transporter activity|0140359||IEA;inference=COORDINATES: similar to AA sequence:RefSeq:WP_006183075.1;locus_tag=NATPE_RS18250;product=ABC transporter ATP-binding protein;protein_id=WP_006183075.1;transl_table=11",ABC transporter ATP-binding protein
WP_015299281.1@GCF_000230735.2,GCF_000230735.2,WP_006183076.1,NC_019962.1,Protein Homology,CDS,3766171,3767463,.,+,0,"ID=cds-WP_006183076.1;Parent=gene-NATPE_RS18255;Dbxref=GenBank:WP_006183076.1,GeneID:14333310;Name=WP_006183076.1;Ontology_term=GO:0042626,GO:0140359;gbkey=CDS;go_function=ATPase-coupled transmembrane transporter activity|0042626||IEA,ABC-type transporter activity|0140359||IEA;inference=COORDINATES: similar to AA sequence:RefSeq:WP_006648445.1;locus_tag=NATPE_RS18255;product=ABC transporter permease;protein_id=WP_006183076.1;transl_table=11",ABC transporter permease
WP_015299281.1@GCF_000230735.2,GCF_000230735.2,WP_006183077.1,NC_019962.1,Protein Homology,CDS,3767464,3768009,.,-,0,"ID=cds-WP_006183077.1;Parent=gene-NATPE_RS18260;Dbxref=GenBank:WP_006183077.1,GeneID:14333311;Name=WP_006183077.1;gbkey=CDS;inference=COORDINATES: similar to AA sequence:RefSeq:WP_006183077.1;locus_tag=NATPE_RS18260;product=DUF5518 domain-containing protein;protein_id=WP_006183077.1;transl_table=11",DUF5518 domain-containing protein
WP_015299281.1@GCF_000230735.2,GCF_000230735.2,WP_006183078.1,NC_019962.1,Protein Homology,CDS,3768273,3768482,.,+,0,"ID=cds-WP_006183078.1;Parent=gene-NATPE_RS18265;Dbxref=GenBank:WP_006183078.1,GeneID:14333312;Name=WP_006183078.1;gbkey=CDS;inference=COORDINATES: similar to AA sequence:RefSeq:WP_006183078.1;locus_tag=NATPE_RS18265;product=hypothetical protein;protein_id=WP_006183078.1;transl_table=11",hypothetical protein
WP_015299281.1@GCF_000230735.2,GCF_000230735.2,WP_006183079.1,NC_019962.1,Protein Homology,CDS,3768643,3770118,.,+,0,"ID=cds-WP_006183079.1;Parent=gene-NATPE_RS18270;Dbxref=GenBank:WP_006183079.1,GeneID:14333313;Name=WP_006183079.1;gbkey=CDS;inference=COORDINATES: similar to AA sequence:RefSeq:WP_006183079.1;locus_tag=NATPE_RS18270;product=hypothetical protein;protein_id=WP_006183079.1;transl_table=11",hypothetical protein
WP_015299281.1@GCF_000230735.2,GCF_000230735.2,WP_006183080.1,NC_019962.1,Protein Homology,CDS,3770126,3770338,.,-,0,"ID=cds-WP_006183080.1;Parent=gene-NATPE_RS18275;Dbxref=GenBank:WP_006183080.1,GeneID:14333314;Name=WP_006183080.1;gbkey=CDS;inference=COORDINATES: similar to AA sequence:RefSeq:WP_006183080.1;locus_tag=NATPE_RS18275;product=hypothetical protein;protein_id=WP_006183080.1;transl_table=11",hypothetical protein
WP_015299281.1@GCF_000230735.2,GCF_000230735.2,WP_006183081.1,NC_019962.1,Protein Homology,CDS,3770588,3771409,.,+,0,"ID=cds-WP_006183081.1;Parent=gene-NATPE_RS18280;Dbxref=GenBank:WP_006183081.1,GeneID:14333315;Name=WP_006183081.1;gbkey=CDS;inference=COORDINATES: similar to AA sequence:RefSeq:WP_006183081.1;locus_tag=NATPE_RS18280;product=winged helix-turn-helix domain-containing protein;protein_id=WP_006183081.1;transl_table=11",winged helix-turn-helix domain-containing protein
WP_015299281.1@GCF_000230735.2,GCF_000230735.2,WP_015299281.1,NC_019962.1,Protein Homology,CDS,3771624,3772508,.,+,0,"ID=cds-WP_015299281.1;Parent=gene-NATPE_RS21555;Dbxref=GenBank:WP_015299281.1,GeneID:31829964;Name=WP_015299281.1;gbkey=CDS;inference=COORDINATES: similar to AA sequence:RefSeq:WP_015299281.1;locus_tag=NATPE_RS21555;product=halocin C8-like domain-containing protein;protein_id=WP_015299281.1;transl_table=11",halocin C8-like domain-containing protein
WP_015299281.1@GCF_000230735.2,GCF_000230735.2,WP_006183083.1,NC_019962.1,Protein Homology,CDS,3772726,3773841,.,-,0,"ID=cds-WP_006183083.1;Parent=gene-NATPE_RS18290;Dbxref=GenBank:WP_006183083.1,GeneID:14333317;Name=WP_006183083.1;Ontology_term=GO:1905887,GO:0015562;gbkey=CDS;go_function=efflux transmembrane transporter activity|0015562||IEA;go_process=autoinducer AI-2 transmembrane transport|1905887||IEA;inference=COORDINATES: similar to AA sequence:RefSeq:WP_006183083.1;locus_tag=NATPE_RS18290;product=AI-2E family transporter;protein_id=WP_006183083.1;transl_table=11",AI-2E family transporter
WP_015299281.1@GCF_000230735.2,GCF_000230735.2,WP_006183084.1,NC_019962.1,Protein Homology,CDS,3773940,3775061,.,+,0,"ID=cds-WP_006183084.1;Parent=gene-NATPE_RS18295;Dbxref=GenBank:WP_006183084.1,GeneID:14333318;Name=WP_006183084.1;Ontology_term=GO:0042626,GO:0140359,GO:0055052;gbkey=CDS;go_component=ATP-binding cassette (ABC) transporter complex%2C substrate-binding subunit-containing|0055052||IEA;go_function=ATPase-coupled transmembrane transporter activity|0042626||IEA,ABC-type transporter activity|0140359||IEA;inference=COORDINATES: similar to AA sequence:RefSeq:WP_006108354.1;locus_tag=NATPE_RS18295;product=thiamine ABC transporter substrate binding subunit;protein_id=WP_006183084.1;transl_table=11",thiamine ABC transporter substrate binding subunit
WP_015299281.1@GCF_000230735.2,GCF_000230735.2,WP_006183085.1,NC_019962.1,Protein Homology,CDS,3775066,3776967,.,+,0,"ID=cds-WP_006183085.1;Parent=gene-NATPE_RS18300;Dbxref=GenBank:WP_006183085.1,GeneID:14333319;Name=WP_006183085.1;Ontology_term=GO:0006826,GO:0042626,GO:0140359;gbkey=CDS;go_function=ATPase-coupled transmembrane transporter activity|0042626||IEA,ABC-type transporter activity|0140359||IEA;go_process=iron ion transport|0006826||IEA;inference=COORDINATES: similar to AA sequence:RefSeq:WP_006183085.1;locus_tag=NATPE_RS18300;product=iron ABC transporter permease;protein_id=WP_006183085.1;transl_table=11",iron ABC transporter permease
WP_015299281.1@GCF_000230735.2,GCF_000230735.2,WP_006183086.1,NC_019962.1,Protein Homology,CDS,3776964,3778001,.,+,0,"ID=cds-WP_006183086.1;Parent=gene-NATPE_RS18305;Dbxref=GenBank:WP_006183086.1,GeneID:14333320;Name=WP_006183086.1;Ontology_term=GO:0005524,GO:0016887,GO:0042626,GO:0140359;gbkey=CDS;go_function=ATP binding|0005524||IEA,ATP hydrolysis activity|0016887||IEA,ATPase-coupled transmembrane transporter activity|0042626||IEA,ABC-type transporter activity|0140359||IEA;inference=COORDINATES: similar to AA sequence:RefSeq:WP_006183086.1;locus_tag=NATPE_RS18305;product=ABC transporter ATP-binding protein;protein_id=WP_006183086.1;transl_table=11",ABC transporter ATP-binding protein
WP_015299281.1@GCF_000230735.2,GCF_000230735.2,WP_006183087.1,NC_019962.1,Protein Homology,CDS,3778086,3778397,.,+,0,"ID=cds-WP_006183087.1;Parent=gene-NATPE_RS18310;Dbxref=GenBank:WP_006183087.1,GeneID:14333321;Name=WP_006183087.1;gbkey=CDS;inference=COORDINATES: similar to AA sequence:RefSeq:WP_006183087.1;locus_tag=NATPE_RS18310;product=hypothetical protein;protein_id=WP_006183087.1;transl_table=11",hypothetical protein
WP_015299281.1@GCF_000230735.2,GCF_000230735.2,WP_006183088.1,NC_019962.1,Protein Homology,CDS,3778470,3778667,.,+,0,"ID=cds-WP_006183088.1;Parent=gene-NATPE_RS18315;Dbxref=GenBank:WP_006183088.1,GeneID:14333322;Name=WP_006183088.1;gbkey=CDS;inference=COORDINATES: similar to AA sequence:RefSeq:WP_006183088.1;locus_tag=NATPE_RS18315;product=hypothetical protein;protein_id=WP_006183088.1;transl_table=11",hypothetical protein
WP_015299281.1@GCF_000230735.2,GCF_000230735.2,WP_172637306.1,NC_019962.1,Protein Homology,CDS,3778689,3780557,.,-,0,"ID=cds-WP_172637306.1;Parent=gene-NATPE_RS18320;Dbxref=GenBank:WP_172637306.1,GeneID:14333323;Name=WP_172637306.1;Ontology_term=GO:0055085,GO:0016020;gbkey=CDS;go_component=membrane|0016020||IEA;go_process=transmembrane transport|0055085||IEA;inference=COORDINATES: similar to AA sequence:RefSeq:WP_008456171.1;locus_tag=NATPE_RS18320;product=SLC13 family permease;protein_id=WP_172637306.1;transl_table=11",SLC13 family permease
WP_015299281.1@GCF_000230735.2,GCF_000230735.2,WP_006183090.1,NC_019962.1,Protein Homology,CDS,3780935,3781243,.,+,0,"ID=cds-WP_006183090.1;Parent=gene-NATPE_RS18325;Dbxref=GenBank:WP_006183090.1,GeneID:14333324;Name=WP_006183090.1;gbkey=CDS;inference=COORDINATES: similar to AA sequence:RefSeq:WP_006183090.1;locus_tag=NATPE_RS18325;product=hypothetical protein;protein_id=WP_006183090.1;transl_table=11",hypothetical protein
WP_015299281.1@GCF_000230735.2,GCF_000230735.2,WP_006183091.1,NC_019962.1,Protein Homology,CDS,3781240,3781731,.,+,0,"ID=cds-WP_006183091.1;Parent=gene-NATPE_RS18330;Dbxref=GenBank:WP_006183091.1,GeneID:14333325;Name=WP_006183091.1;Ontology_term=GO:0009058,GO:0003824;gbkey=CDS;go_function=catalytic activity|0003824||IEA;go_process=biosynthetic process|0009058||IEA;inference=COORDINATES: similar to AA sequence:RefSeq:WP_006184999.1;locus_tag=NATPE_RS18330;product=adenylyltransferase/cytidyltransferase family protein;protein_id=WP_006183091.1;transl_table=11",adenylyltransferase/cytidyltransferase family protein
WP_004043226.1@GCF_000025685.1,GCF_000025685.1,WP_004043219.1,NC_013966.1,Protein Homology,CDS,315790,317169,.,+,0,"ID=cds-WP_004043219.1;Parent=gene-HVO_RS03210;Dbxref=GenBank:WP_004043219.1,GeneID:8923467;Name=WP_004043219.1;gbkey=CDS;inference=COORDINATES: similar to AA sequence:RefSeq:WP_008572884.1;locus_tag=HVO_RS03210;product=dihydroorotase family protein;protein_id=WP_004043219.1;transl_table=11",dihydroorotase family protein
WP_004043226.1@GCF_000025685.1,GCF_000025685.1,WP_013035193.1,NC_013966.1,Protein Homology,CDS,317221,318993,.,+,0,"ID=cds-WP_013035193.1;Parent=gene-HVO_RS03215;Dbxref=GenBank:WP_013035193.1,GeneID:8923241;Name=WP_013035193.1;gbkey=CDS;inference=COORDINATES: similar to AA sequence:RefSeq:WP_013035193.1;locus_tag=HVO_RS03215;product=TCP-1/cpn60 chaperonin family protein;protein_id=WP_013035193.1;transl_table=11",TCP-1/cpn60 chaperonin family protein
WP_004043226.1@GCF_000025685.1,GCF_000025685.1,WP_004043221.1,NC_013966.1,Protein Homology,CDS,319083,320552,.,-,0,"ID=cds-WP_004043221.1;Parent=gene-HVO_RS03220;Dbxref=GenBank:WP_004043221.1,GeneID:8923767;Name=WP_004043221.1;Ontology_term=GO:0018478;gbkey=CDS;go_function=malonate-semialdehyde dehydrogenase (acetylating) activity|0018478||IEA;inference=COORDINATES: similar to AA sequence:RefSeq:WP_004043221.1;locus_tag=HVO_RS03220;product=CoA-acylating methylmalonate-semialdehyde dehydrogenase;protein_id=WP_004043221.1;transl_table=11",CoA-acylating methylmalonate-semialdehyde dehydrogenase
WP_004043226.1@GCF_000025685.1,GCF_000025685.1,WP_004043222.1,NC_013966.1,Protein Homology,CDS,320724,322061,.,+,0,"ID=cds-WP_004043222.1;Parent=gene-HVO_RS03225;Dbxref=GenBank:WP_004043222.1,GeneID:8923488;Name=WP_004043222.1;gbkey=CDS;inference=COORDINATES: similar to AA sequence:RefSeq:WP_004043222.1;locus_tag=HVO_RS03225;product=aspartate aminotransferase family protein;protein_id=WP_004043222.1;transl_table=11",aspartate aminotransferase family protein
WP_004043226.1@GCF_000025685.1,GCF_000025685.1,WP_004043223.1,NC_013966.1,Protein Homology,CDS,322110,322643,.,+,0,"ID=cds-WP_004043223.1;Parent=gene-HVO_RS03230;Dbxref=GenBank:WP_004043223.1,GeneID:8923471;Name=WP_004043223.1;Ontology_term=GO:0003677;gbkey=CDS;go_function=DNA binding|0003677||IEA;inference=COORDINATES: similar to AA sequence:RefSeq:WP_004043223.1;locus_tag=HVO_RS03230;product=Lrp/AsnC family transcriptional regulator;protein_id=WP_004043223.1;transl_table=11",Lrp/AsnC family transcriptional regulator
WP_004043226.1@GCF_000025685.1,GCF_000025685.1,NC_013966.1_RS03235,NC_013966.1,Protein Homology,CDS,323165,323504,.,+,0,"ID=cds-HVO_RS03235;Parent=gene-HVO_RS03235;Dbxref=GeneID:8923259;Note=frameshifted%3B incomplete%3B partial in the middle of a contig%3B missing N-terminus;gbkey=CDS;inference=COORDINATES: similar to AA sequence:RefSeq:WP_004595756.1;locus_tag=HVO_RS03235;partial=true;product=transposase;pseudo=true;start_range=.,323165;transl_table=11",transposase
WP_004043226.1@GCF_000025685.1,GCF_000025685.1,WP_004043225.1,NC_013966.1,Protein Homology,CDS,324116,324808,.,-,0,"ID=cds-WP_004043225.1;Parent=gene-HVO_RS03240;Dbxref=GenBank:WP_004043225.1,GeneID:8923796;Name=WP_004043225.1;gbkey=CDS;inference=COORDINATES: similar to AA sequence:RefSeq:WP_004064528.1;locus_tag=HVO_RS03240;product=hypothetical protein;protein_id=WP_004043225.1;transl_table=11",hypothetical protein
WP_004043226.1@GCF_000025685.1,GCF_000025685.1,WP_004043226.1,NC_013966.1,Protein Homology,CDS,324918,325835,.,-,0,"ID=cds-WP_004043226.1;Parent=gene-HVO_RS03245;Dbxref=GenBank:WP_004043226.1,GeneID:8923732;Name=WP_004043226.1;gbkey=CDS;inference=COORDINATES: similar to AA sequence:RefSeq:WP_004064530.1;locus_tag=HVO_RS03245;product=halocin C8-like domain-containing protein;protein_id=WP_004043226.1;transl_table=11",halocin C8-like domain-containing protein
WP_004043226.1@GCF_000025685.1,GCF_000025685.1,WP_004043227.1,NC_013966.1,Protein Homology,CDS,326055,326849,.,+,0,"ID=cds-WP_004043227.1;Parent=gene-HVO_RS03250;Dbxref=GenBank:WP_004043227.1,GeneID:8923572;Name=WP_004043227.1;gbkey=CDS;inference=COORDINATES: similar to AA sequence:RefSeq:WP_004043227.1;locus_tag=HVO_RS03250;product=winged helix-turn-helix domain-containing protein;protein_id=WP_004043227.1;transl_table=11",winged helix-turn-helix domain-containing protein
WP_004043226.1@GCF_000025685.1,GCF_000025685.1,WP_004043228.1,NC_013966.1,Protein Homology,CDS,326858,327058,.,-,0,"ID=cds-WP_004043228.1;Parent=gene-HVO_RS03255;Dbxref=GenBank:WP_004043228.1,GeneID:8923821;Name=WP_004043228.1;Ontology_term=GO:0003677;gbkey=CDS;go_function=DNA binding|0003677||IEA;inference=COORDINATES: similar to AA sequence:RefSeq:WP_015320032.1;locus_tag=HVO_RS03255;product=helix-turn-helix transcriptional regulator;protein_id=WP_004043228.1;transl_table=11",helix-turn-helix transcriptional regulator
WP_004043226.1@GCF_000025685.1,GCF_000025685.1,WP_171810344.1,NC_013966.1,Protein Homology,CDS,327064,327459,.,-,0,"ID=cds-WP_171810344.1;Parent=gene-HVO_RS03260;Dbxref=GenBank:WP_171810344.1,GeneID:8923556;Name=WP_171810344.1;gbkey=CDS;inference=COORDINATES: similar to AA sequence:RefSeq:WP_004975855.1;locus_tag=HVO_RS03260;product=hypothetical protein;protein_id=WP_171810344.1;transl_table=11",hypothetical protein
WP_004043226.1@GCF_000025685.1,GCF_000025685.1,WP_049914850.1,NC_013966.1,Protein Homology,CDS,327461,327691,.,-,0,"ID=cds-WP_049914850.1;Parent=gene-HVO_RS03265;Dbxref=GenBank:WP_049914850.1,GeneID:8923453;Name=WP_049914850.1;gbkey=CDS;inference=COORDINATES: similar to AA sequence:RefSeq:WP_008096255.1;locus_tag=HVO_RS03265;product=hypothetical protein;protein_id=WP_049914850.1;transl_table=11",hypothetical protein
WP_004043226.1@GCF_000025685.1,GCF_000025685.1,WP_004043231.1,NC_013966.1,Protein Homology,CDS,328146,329093,.,-,0,"ID=cds-WP_004043231.1;Parent=gene-HVO_RS03270;Dbxref=GenBank:WP_004043231.1,GeneID:8923514;Name=WP_004043231.1;gbkey=CDS;inference=COORDINATES: similar to AA sequence:RefSeq:WP_008605801.1;locus_tag=HVO_RS03270;product=hypothetical protein;protein_id=WP_004043231.1;transl_table=11",hypothetical protein
WP_004043226.1@GCF_000025685.1,GCF_000025685.1,WP_004043232.1,NC_013966.1,Protein Homology,CDS,329316,329672,.,+,0,"ID=cds-WP_004043232.1;Parent=gene-HVO_RS03275;Dbxref=GenBank:WP_004043232.1,GeneID:8923430;Name=WP_004043232.1;gbkey=CDS;inference=COORDINATES: similar to AA sequence:RefSeq:WP_004043232.1;locus_tag=HVO_RS03275;product=helix-turn-helix domain-containing protein;protein_id=WP_004043232.1;transl_table=11",helix-turn-helix domain-containing protein
WP_004043226.1@GCF_000025685.1,GCF_000025685.1,WP_004043233.1,NC_013966.1,Protein Homology,CDS,329674,329997,.,+,0,"ID=cds-WP_004043233.1;Parent=gene-HVO_RS03280;Dbxref=GenBank:WP_004043233.1,GeneID:8923709;Name=WP_004043233.1;gbkey=CDS;inference=COORDINATES: similar to AA sequence:RefSeq:WP_004043233.1;locus_tag=HVO_RS03280;product=hypothetical protein;protein_id=WP_004043233.1;transl_table=11",hypothetical protein
WP_004043226.1@GCF_000025685.1,GCF_000025685.1,WP_049914851.1,NC_013966.1,Protein Homology,CDS,330580,331287,.,-,0,"ID=cds-WP_049914851.1;Parent=gene-HVO_RS03285;Dbxref=GenBank:WP_049914851.1,GeneID:8923270;Name=WP_049914851.1;gbkey=CDS;inference=COORDINATES: similar to AA sequence:RefSeq:WP_004064543.1;locus_tag=HVO_RS03285;product=hypothetical protein;protein_id=WP_049914851.1;transl_table=11",hypothetical protein
WP_004043226.1@GCF_000025685.1,GCF_000025685.1,WP_236995443.1,NC_013966.1,Protein Homology,CDS,331609,332316,.,-,0,"ID=cds-WP_236995443.1;Parent=gene-HVO_RS03290;Dbxref=GenBank:WP_236995443.1,GeneID:8923761;Name=WP_236995443.1;gbkey=CDS;inference=COORDINATES: similar to AA sequence:RefSeq:WP_006600925.1;locus_tag=HVO_RS03290;product=hypothetical protein;protein_id=WP_236995443.1;transl_table=11",hypothetical protein
WP_004043226.1@GCF_000025685.1,GCF_000025685.1,WP_013035087.1,NC_013966.1,Protein Homology,CDS,332424,333305,.,+,0,"ID=cds-WP_013035087.1;Parent=gene-HVO_RS03295;Dbxref=GenBank:WP_013035087.1,GeneID:8923542;Name=WP_013035087.1;Ontology_term=GO:0042626,GO:0140359;gbkey=CDS;go_function=ATPase-coupled transmembrane transporter activity|0042626||IEA,ABC-type transporter activity|0140359||IEA;inference=COORDINATES: similar to AA sequence:RefSeq:WP_008319496.1;locus_tag=HVO_RS03295;product=ABC transporter permease;protein_id=WP_013035087.1;transl_table=11",ABC transporter permease
WP_004043226.1@GCF_000025685.1,GCF_000025685.1,WP_004043237.1,NC_013966.1,Protein Homology,CDS,333302,334057,.,+,0,"ID=cds-WP_004043237.1;Parent=gene-HVO_RS03300;Dbxref=GenBank:WP_004043237.1,GeneID:8923443;Name=WP_004043237.1;Ontology_term=GO:0005524;gbkey=CDS;go_function=ATP binding|0005524||IEA;inference=COORDINATES: similar to AA sequence:RefSeq:WP_004043237.1;locus_tag=HVO_RS03300;product=ABC transporter ATP-binding protein;protein_id=WP_004043237.1;transl_table=11",ABC transporter ATP-binding protein
WP_004043226.1@GCF_000025685.1,GCF_000025685.1,WP_004043238.1,NC_013966.1,Protein Homology,CDS,334054,334635,.,+,0,"ID=cds-WP_004043238.1;Parent=gene-HVO_RS03305;Dbxref=GenBank:WP_004043238.1,GeneID:8923711;Name=WP_004043238.1;gbkey=CDS;inference=COORDINATES: similar to AA sequence:RefSeq:WP_004043238.1;locus_tag=HVO_RS03305;product=hypothetical protein;protein_id=WP_004043238.1;transl_table=11",hypothetical protein
WP_103370993.1@GCF_002902305.1,GCF_002902305.1,WP_167386221.1,NZ_PPPX01000001.1,Protein Homology,CDS,490139,490372,.,+,0,"ID=cds-WP_167386221.1;Parent=gene-CD039_RS02495;Dbxref=GenBank:WP_167386221.1,GeneID:98297206;Name=WP_167386221.1;gbkey=CDS;inference=COORDINATES: protein motif:HMM:NF025531.6;locus_tag=CD039_RS02495;product=YueH family protein;protein_id=WP_167386221.1;transl_table=11",YueH family protein
WP_103370993.1@GCF_002902305.1,GCF_002902305.1,WP_103370989.1,NZ_PPPX01000001.1,Protein Homology,CDS,490393,491955,.,+,0,"ID=cds-WP_103370989.1;Parent=gene-CD039_RS02500;Dbxref=GenBank:WP_103370989.1,GeneID:98297207;Name=WP_103370989.1;Ontology_term=GO:0006415,GO:0003924;gbkey=CDS;go_function=GTPase activity|0003924||IEA;go_process=translational termination|0006415||IEA;inference=COORDINATES: similar to AA sequence:RefSeq:YP_499509.1;locus_tag=CD039_RS02500;product=peptide chain release factor 3;protein_id=WP_103370989.1;transl_table=11",peptide chain release factor 3
WP_103370993.1@GCF_002902305.1,GCF_002902305.1,WP_103370990.1,NZ_PPPX01000001.1,Protein Homology,CDS,492280,493074,.,+,0,"ID=cds-WP_103370990.1;Parent=gene-CD039_RS02505;Dbxref=GenBank:WP_103370990.1,GeneID:98297208;Name=WP_103370990.1;gbkey=CDS;inference=COORDINATES: similar to AA sequence:RefSeq:WP_002472265.1;locus_tag=CD039_RS02505;product=TerC family protein;protein_id=WP_103370990.1;transl_table=11",TerC family protein
WP_103370993.1@GCF_002902305.1,GCF_002902305.1,WP_103370991.1,NZ_PPPX01000001.1,Protein Homology,CDS,493436,495397,.,+,0,"ID=cds-WP_103370991.1;Parent=gene-CD039_RS02510;Dbxref=GenBank:WP_103370991.1,GeneID:98297209;Name=WP_103370991.1;gbkey=CDS;inference=COORDINATES: similar to AA sequence:RefSeq:WP_002472244.1;locus_tag=CD039_RS02510;product=S1C family serine protease;protein_id=WP_103370991.1;transl_table=11",S1C family serine protease
WP_103370993.1@GCF_002902305.1,GCF_002902305.1,WP_049406746.1,NZ_PPPX01000001.1,Protein Homology,CDS,495416,496774,.,+,0,"ID=cds-WP_049406746.1;Parent=gene-CD039_RS02515;Dbxref=GenBank:WP_049406746.1,GeneID:98297210;Name=WP_049406746.1;Ontology_term=GO:0030001,GO:0008324,GO:0015079;gbkey=CDS;go_function=monoatomic cation transmembrane transporter activity|0008324||IEA,potassium ion transmembrane transporter activity|0015079||IEA;go_process=metal ion transport|0030001||IEA;inference=COORDINATES: similar to AA sequence:RefSeq:YP_499512.1;locus_tag=CD039_RS02515;product=TrkH family potassium uptake protein;protein_id=WP_049406746.1;transl_table=11",TrkH family potassium uptake protein
WP_103370993.1@GCF_002902305.1,GCF_002902305.1,WP_103370992.1,NZ_PPPX01000001.1,Protein Homology,CDS,496953,498464,.,+,0,"ID=cds-WP_103370992.1;Parent=gene-CD039_RS02520;Dbxref=GenBank:WP_103370992.1,GeneID:98297211;Name=WP_103370992.1;Ontology_term=GO:0009166,GO:0000166,GO:0008253,GO:0042578,GO:0046872;gbkey=CDS;go_function=nucleotide binding|0000166||IEA,5'-nucleotidase activity|0008253||IEA,phosphoric ester hydrolase activity|0042578||IEA,metal ion binding|0046872||IEA;go_process=nucleotide catabolic process|0009166||IEA;inference=COORDINATES: similar to AA sequence:RefSeq:WP_002472260.1;locus_tag=CD039_RS02520;product=bifunctional metallophosphatase/5'-nucleotidase;protein_id=WP_103370992.1;transl_table=11",bifunctional metallophosphatase/5'-nucleotidase
WP_103370993.1@GCF_002902305.1,GCF_002902305.1,WP_103370993.1,NZ_PPPX01000001.1,Protein Homology,CDS,498756,499490,.,+,0,"ID=cds-WP_103370993.1;Parent=gene-CD039_RS02525;Dbxref=GenBank:WP_103370993.1,GeneID:98297212;Name=WP_103370993.1;gbkey=CDS;inference=COORDINATES: similar to AA sequence:RefSeq:WP_002490110.1;locus_tag=CD039_RS02525;product=halocin C8 precursor-like protein;protein_id=WP_103370993.1;transl_table=11",halocin C8 precursor-like protein
WP_103370993.1@GCF_002902305.1,GCF_002902305.1,WP_186303058.1,NZ_PPPX01000001.1,Protein Homology,CDS,500217,500783,.,-,0,"ID=cds-WP_186303058.1;Parent=gene-CD039_RS02540;Dbxref=GenBank:WP_186303058.1,GeneID:98297215;Name=WP_186303058.1;gbkey=CDS;inference=COORDINATES: similar to AA sequence:RefSeq:WP_002471889.1;locus_tag=CD039_RS02540;product=competence protein ComK;protein_id=WP_186303058.1;transl_table=11",competence protein ComK
WP_103370993.1@GCF_002902305.1,GCF_002902305.1,WP_103370994.1,NZ_PPPX01000001.1,Protein Homology,CDS,501063,501281,.,+,0,"ID=cds-WP_103370994.1;Parent=gene-CD039_RS02545;Dbxref=GenBank:WP_103370994.1,GeneID:98297216;Name=WP_103370994.1;gbkey=CDS;inference=COORDINATES: similar to AA sequence:RefSeq:WP_002471866.1;locus_tag=CD039_RS02545;product=IDEAL domain-containing protein;protein_id=WP_103370994.1;transl_table=11",IDEAL domain-containing protein
WP_103370993.1@GCF_002902305.1,GCF_002902305.1,WP_103370995.1,NZ_PPPX01000001.1,Protein Homology,CDS,501368,502357,.,-,0,"ID=cds-WP_103370995.1;Parent=gene-CD039_RS02550;Dbxref=GenBank:WP_103370995.1,GeneID:98297217;Name=WP_103370995.1;Ontology_term=GO:0009249,GO:0017118;gbkey=CDS;go_function=lipoyltransferase activity|0017118||IEA;go_process=protein lipoylation|0009249||IEA;inference=COORDINATES: similar to AA sequence:RefSeq:YP_499516.1;locus_tag=CD039_RS02550;product=lipoate--protein ligase;protein_id=WP_103370995.1;transl_table=11",lipoate--protein ligase
WP_103370993.1@GCF_002902305.1,GCF_002902305.1,WP_002471890.1,NZ_PPPX01000001.1,Protein Homology,CDS,502644,502829,.,+,0,"ID=cds-WP_002471890.1;Parent=gene-CD039_RS02555;Dbxref=GenBank:WP_002471890.1,GeneID:98297218;Name=WP_002471890.1;gbkey=CDS;inference=COORDINATES: similar to AA sequence:RefSeq:WP_015899900.1;locus_tag=CD039_RS02555;product=YkvS family protein;protein_id=WP_002471890.1;transl_table=11",YkvS family protein
WP_103370993.1@GCF_002902305.1,GCF_002902305.1,WP_103370512.1,NZ_PPPX01000001.1,Protein Homology,CDS,502834,503436,.,+,0,"ID=cds-WP_103370512.1;Parent=gene-CD039_RS02560;Dbxref=GenBank:WP_103370512.1,GeneID:98297219;Name=WP_103370512.1;Ontology_term=GO:0070007,GO:0016020;gbkey=CDS;go_component=membrane|0016020||IEA;go_function=glutamic-type endopeptidase activity|0070007||IEA;inference=COORDINATES: similar to AA sequence:RefSeq:YP_499518.1;locus_tag=CD039_RS02560;product=type II CAAX prenyl endopeptidase Rce1 family protein;protein_id=WP_103370512.1;transl_table=11",type II CAAX prenyl endopeptidase Rce1 family protein
WP_103370993.1@GCF_002902305.1,GCF_002902305.1,WP_103370996.1,NZ_PPPX01000001.1,GeneMarkS-2+,CDS,503617,504756,.,-,0,"ID=cds-WP_103370996.1;Parent=gene-CD039_RS02565;Dbxref=GenBank:WP_103370996.1,GeneID:98297220;Name=WP_103370996.1;gbkey=CDS;inference=COORDINATES: ab initio prediction:GeneMarkS-2+;locus_tag=CD039_RS02565;product=hypothetical protein;protein_id=WP_103370996.1;transl_table=11",hypothetical protein
WP_103370993.1@GCF_002902305.1,GCF_002902305.1,WP_103370997.1,NZ_PPPX01000001.1,Protein Homology,CDS,505064,505462,.,+,0,"ID=cds-WP_103370997.1;Parent=gene-CD039_RS02570;Dbxref=GenBank:WP_103370997.1,GeneID:98297221;Name=WP_103370997.1;Ontology_term=GO:0016020;gbkey=CDS;go_component=membrane|0016020||IEA;inference=COORDINATES: similar to AA sequence:RefSeq:WP_002471908.1;locus_tag=CD039_RS02570;product=phage holin family protein;protein_id=WP_103370997.1;transl_table=11",phage holin family protein
WP_103370993.1@GCF_002902305.1,GCF_002902305.1,NZ_PPPX01000001.1_RS02575,NZ_PPPX01000001.1,Protein Homology,CDS,505443,506012,.,+,0,"ID=cds-CD039_RS02575;Parent=gene-CD039_RS02575;Dbxref=GeneID:98297222;Note=incomplete%3B partial in the middle of a contig%3B missing C-terminus;end_range=506012,.;gbkey=CDS;inference=COORDINATES: similar to AA sequence:RefSeq:WP_020219525.1;locus_tag=CD039_RS02575;partial=true;product=N-acetylmuramoyl-L-alanine amidase family protein;pseudo=true;transl_table=11",N-acetylmuramoyl-L-alanine amidase family protein
WP_103370993.1@GCF_002902305.1,GCF_002902305.1,WP_103370999.1,NZ_PPPX01000001.1,Protein Homology,CDS,506123,506710,.,+,0,"ID=cds-WP_103370999.1;Parent=gene-CD039_RS02580;Dbxref=GenBank:WP_103370999.1,GeneID:98297223;Name=WP_103370999.1;gbkey=CDS;inference=COORDINATES: similar to AA sequence:RefSeq:WP_002471910.1;locus_tag=CD039_RS02580;product=GNAT family N-acetyltransferase;protein_id=WP_103370999.1;transl_table=11",GNAT family N-acetyltransferase
WP_103370993.1@GCF_002902305.1,GCF_002902305.1,WP_070502992.1,NZ_PPPX01000001.1,Protein Homology,CDS,506860,507798,.,-,0,"ID=cds-WP_070502992.1;Parent=gene-CD039_RS02585;Dbxref=GenBank:WP_070502992.1,GeneID:98297224;Name=WP_070502992.1;gbkey=CDS;inference=COORDINATES: similar to AA sequence:RefSeq:WP_001831680.1;locus_tag=CD039_RS02585;product=1%2C4-dihydroxy-2-naphthoate polyprenyltransferase;protein_id=WP_070502992.1;transl_table=11",1%2C4-dihydroxy-2-naphthoate polyprenyltransferase
WP_103370993.1@GCF_002902305.1,GCF_002902305.1,WP_103371000.1,NZ_PPPX01000001.1,Protein Homology,CDS,507982,509334,.,+,0,"ID=cds-WP_103371000.1;Parent=gene-CD039_RS02590;Dbxref=GenBank:WP_103371000.1,GeneID:98297225;Name=WP_103371000.1;Ontology_term=GO:0009234,GO:0008909,GO:0005737;gbkey=CDS;go_component=cytoplasm|0005737||IEA;go_function=isochorismate synthase activity|0008909||IEA;go_process=menaquinone biosynthetic process|0009234||IEA;inference=COORDINATES: similar to AA sequence:RefSeq:WP_002471917.1;locus_tag=CD039_RS02590;product=isochorismate synthase;protein_id=WP_103371000.1;transl_table=11",isochorismate synthase
NZ_LR134263.1_321@GCF_900636325.1,GCF_900636325.1,NZ_LR134263.1_316,NZ_LR134263.1,Prodigal_v2.6.3,CDS,363615,363998,92.4,+,0,ID=1_316;partial=00;start_type=ATG;rbs_motif=GGAG/GAGG;rbs_spacer=5-10bp;gc_cont=0.453;conf=100.00;score=92.39;cscore=74.62;sscore=17.76;rscore=10.77;uscore=3.59;tscore=3.41;,
NZ_LR134263.1_321@GCF_900636325.1,GCF_900636325.1,NZ_LR134263.1_317,NZ_LR134263.1,Prodigal_v2.6.3,CDS,363999,365537,296.7,+,0,ID=1_317;partial=00;start_type=ATG;rbs_motif=GGA/GAG/AGG;rbs_spacer=5-10bp;gc_cont=0.446;conf=99.99;score=296.66;cscore=292.40;sscore=4.26;rscore=0.56;uscore=-0.99;tscore=3.41;,
NZ_LR134263.1_321@GCF_900636325.1,GCF_900636325.1,NZ_LR134263.1_318,NZ_LR134263.1,Prodigal_v2.6.3,CDS,365679,367538,318.9,+,0,ID=1_318;partial=00;start_type=ATG;rbs_motif=AGGA;rbs_spacer=5-10bp;gc_cont=0.395;conf=99.99;score=318.86;cscore=307.54;sscore=11.32;rscore=7.75;uscore=0.16;tscore=3.41;,
NZ_LR134263.1_321@GCF_900636325.1,GCF_900636325.1,NZ_LR134263.1_319,NZ_LR134263.1,Prodigal_v2.6.3,CDS,368012,370081,317.2,-,0,ID=1_319;partial=00;start_type=TTG;rbs_motif=AGGAG;rbs_spacer=5-10bp;gc_cont=0.415;conf=99.99;score=317.23;cscore=311.26;sscore=5.96;rscore=14.75;uscore=-0.68;tscore=-7.45;,
NZ_LR134263.1_321@GCF_900636325.1,GCF_900636325.1,NZ_LR134263.1_320,NZ_LR134263.1,Prodigal_v2.6.3,CDS,370409,373243,525.0,+,0,ID=1_320;partial=00;start_type=ATG;rbs_motif=GGAG/GAGG;rbs_spacer=5-10bp;gc_cont=0.412;conf=99.99;score=525.05;cscore=506.28;sscore=18.77;rscore=10.77;uscore=4.59;tscore=3.41;,
NZ_LR134263.1_321@GCF_900636325.1,GCF_900636325.1,NZ_LR134263.1_321,NZ_LR134263.1,Prodigal_v2.6.3,CDS,373404,373769,27.6,+,0,ID=1_321;partial=00;start_type=ATG;rbs_motif=4Base/6BMM;rbs_spacer=13-15bp;gc_cont=0.355;conf=99.82;score=27.58;cscore=23.76;sscore=3.82;rscore=-2.87;uscore=3.28;tscore=3.41;,
NZ_LR134263.1_321@GCF_900636325.1,GCF_900636325.1,NZ_LR134263.1_322,NZ_LR134263.1,Prodigal_v2.6.3,CDS,374182,374796,92.0,+,0,ID=1_322;partial=00;start_type=GTG;rbs_motif=GGAG/GAGG;rbs_spacer=5-10bp;gc_cont=0.418;conf=100.00;score=91.96;cscore=85.41;sscore=6.55;rscore=10.77;uscore=2.34;tscore=-6.56;,
NZ_LR134263.1_321@GCF_900636325.1,GCF_900636325.1,NZ_LR134263.1_323,NZ_LR134263.1,Prodigal_v2.6.3,CDS,375478,376620,60.8,+,0,ID=1_323;partial=00;start_type=ATG;rbs_motif=GGAG/GAGG;rbs_spacer=5-10bp;gc_cont=0.358;conf=100.00;score=60.76;cscore=42.72;sscore=18.04;rscore=10.77;uscore=4.52;tscore=3.41;,
NZ_LR134263.1_321@GCF_900636325.1,GCF_900636325.1,NZ_LR134263.1_324,NZ_LR134263.1,Prodigal_v2.6.3,CDS,376801,377367,62.4,+,0,ID=1_324;partial=00;start_type=ATG;rbs_motif=AGGAG;rbs_spacer=5-10bp;gc_cont=0.302;conf=100.00;score=62.39;cscore=46.78;sscore=15.60;rscore=14.75;uscore=-1.90;tscore=3.41;,
NZ_LR134263.1_321@GCF_900636325.1,GCF_900636325.1,NZ_LR134263.1_325,NZ_LR134263.1,Prodigal_v2.6.3,CDS,377394,377690,36.6,+,0,ID=1_325;partial=00;start_type=ATG;rbs_motif=GGAG/GAGG;rbs_spacer=5-10bp;gc_cont=0.249;conf=99.98;score=36.61;cscore=17.53;sscore=19.08;rscore=10.77;uscore=3.91;tscore=3.41;,
NZ_LR134263.1_321@GCF_900636325.1,GCF_900636325.1,NZ_LR134263.1_326,NZ_LR134263.1,Prodigal_v2.6.3,CDS,377690,378130,65.5,+,0,ID=1_326;partial=00;start_type=ATG;rbs_motif=AGGAG;rbs_spacer=5-10bp;gc_cont=0.277;conf=100.00;score=65.47;cscore=42.50;sscore=22.97;rscore=14.75;uscore=3.53;tscore=3.41;,
NZ_LR134263.1_321@GCF_900636325.1,GCF_900636325.1,NZ_LR134263.1_327,NZ_LR134263.1,Prodigal_v2.6.3,CDS,378380,379108,127.5,+,0,ID=1_327;partial=00;start_type=ATG;rbs_motif=GGxGG;rbs_spacer=5-10bp;gc_cont=0.365;conf=100.00;score=127.47;cscore=116.25;sscore=11.22;rscore=5.57;uscore=2.89;tscore=3.41;,
NZ_LR134263.1_321@GCF_900636325.1,GCF_900636325.1,NZ_LR134263.1_328,NZ_LR134263.1,Prodigal_v2.6.3,CDS,379212,380708,289.6,+,0,ID=1_328;partial=00;start_type=ATG;rbs_motif=AGxAGG/AGGxGG;rbs_spacer=5-10bp;gc_cont=0.402;conf=99.99;score=289.62;cscore=272.27;sscore=17.36;rscore=10.51;uscore=3.44;tscore=3.41;,
NZ_LR134263.1_321@GCF_900636325.1,GCF_900636325.1,NZ_LR134263.1_329,NZ_LR134263.1,Prodigal_v2.6.3,CDS,380698,381684,113.8,+,0,ID=1_329;partial=00;start_type=ATG;rbs_motif=GGA/GAG/AGG;rbs_spacer=11-12bp;gc_cont=0.445;conf=100.00;score=113.78;cscore=110.86;sscore=2.92;rscore=-0.88;uscore=-0.83;tscore=3.41;,
NZ_LR134263.1_321@GCF_900636325.1,GCF_900636325.1,NZ_LR134263.1_330,NZ_LR134263.1,Prodigal_v2.6.3,CDS,381681,382505,114.9,+,0,ID=1_330;partial=00;start_type=ATG;rbs_motif=GGAG/GAGG;rbs_spacer=5-10bp;gc_cont=0.429;conf=100.00;score=114.90;cscore=99.43;sscore=15.47;rscore=10.77;uscore=-2.84;tscore=3.41;,
NZ_LR134263.1_321@GCF_900636325.1,GCF_900636325.1,NZ_LR134263.1_331,NZ_LR134263.1,Prodigal_v2.6.3,CDS,382498,383274,96.8,+,0,ID=1_331;partial=00;start_type=ATG;rbs_motif=AGGAG;rbs_spacer=5-10bp;gc_cont=0.429;conf=100.00;score=96.85;cscore=77.67;sscore=19.18;rscore=14.75;uscore=-0.23;tscore=3.41;,
WP_002456424.1@GCF_006742205.1,GCF_006742205.1,WP_001829861.1,NZ_AP019721.1,Protein Homology,CDS,1009196,1009813,.,+,0,ID=cds-WP_001829861.1;Parent=gene-FNL83_RS05075;Dbxref=GenBank:WP_001829861.1;Name=WP_001829861.1;gbkey=CDS;inference=COORDINATES: similar to AA sequence:RefSeq:WP_017465246.1;locus_tag=FNL83_RS05075;product=CadD family cadmium resistance transporter;protein_id=WP_001829861.1;transl_table=11,CadD family cadmium resistance transporter
WP_002456424.1@GCF_006742205.1,GCF_006742205.1,WP_001829811.1,NZ_AP019721.1,Protein Homology,CDS,1010375,1010878,.,-,0,ID=cds-WP_001829811.1;Parent=gene-FNL83_RS05080;Dbxref=GenBank:WP_001829811.1;Name=WP_001829811.1;gbkey=CDS;gene=traP;inference=COORDINATES: similar to AA sequence:RefSeq:WP_001829811.1;locus_tag=FNL83_RS05080;product=signal transduction protein TRAP;protein_id=WP_001829811.1;transl_table=11,signal transduction protein TRAP
WP_002456424.1@GCF_006742205.1,GCF_006742205.1,WP_002456355.1,NZ_AP019721.1,Protein Homology,CDS,1011171,1012232,.,+,0,"ID=cds-WP_002456355.1;Parent=gene-FNL83_RS05085;Dbxref=GenBank:WP_002456355.1;Name=WP_002456355.1;Ontology_term=GO:0006779,GO:0004853;gbkey=CDS;gene=hemE;go_function=uroporphyrinogen decarboxylase activity|0004853||IEA;go_process=porphyrin-containing compound biosynthetic process|0006779||IEA;inference=COORDINATES: similar to AA sequence:RefSeq:WP_002446746.1;locus_tag=FNL83_RS05085;product=uroporphyrinogen decarboxylase;protein_id=WP_002456355.1;transl_table=11",uroporphyrinogen decarboxylase
WP_002456424.1@GCF_006742205.1,GCF_006742205.1,WP_001829846.1,NZ_AP019721.1,Protein Homology,CDS,1012309,1013232,.,+,0,"ID=cds-WP_001829846.1;Parent=gene-FNL83_RS05090;Dbxref=GenBank:WP_001829846.1;Name=WP_001829846.1;Ontology_term=GO:0006779,GO:0004325;gbkey=CDS;gene=hemH;go_function=ferrochelatase activity|0004325||IEA;go_process=porphyrin-containing compound biosynthetic process|0006779||IEA;inference=COORDINATES: similar to AA sequence:RefSeq:WP_002485187.1;locus_tag=FNL83_RS05090;product=ferrochelatase;protein_id=WP_001829846.1;transl_table=11",ferrochelatase
WP_002456424.1@GCF_006742205.1,GCF_006742205.1,WP_002469574.1,NZ_AP019721.1,Protein Homology,CDS,1013376,1014773,.,+,0,"ID=cds-WP_002469574.1;Parent=gene-FNL83_RS05095;Dbxref=GenBank:WP_002469574.1;Name=WP_002469574.1;Ontology_term=GO:0006779,GO:0004729;gbkey=CDS;gene=hemY;go_function=oxygen-dependent protoporphyrinogen oxidase activity|0004729||IEA;go_process=porphyrin-containing compound biosynthetic process|0006779||IEA;inference=COORDINATES: similar to AA sequence:RefSeq:YP_500459.1;locus_tag=FNL83_RS05095;product=protoporphyrinogen oxidase;protein_id=WP_002469574.1;transl_table=11",protoporphyrinogen oxidase
WP_002456424.1@GCF_006742205.1,GCF_006742205.1,WP_001832974.1,NZ_AP019721.1,Protein Homology,CDS,1014909,1015463,.,+,0,ID=cds-WP_001832974.1;Parent=gene-FNL83_RS05100;Dbxref=GenBank:WP_001832974.1;Name=WP_001832974.1;Ontology_term=GO:0016787;gbkey=CDS;go_function=hydrolase activity|0016787||IEA;inference=COORDINATES: similar to AA sequence:RefSeq:WP_002446743.1;locus_tag=FNL83_RS05100;product=RBBP9/YdeN family alpha/beta hydrolase;protein_id=WP_001832974.1;transl_table=11,RBBP9/YdeN family alpha/beta hydrolase
WP_002456424.1@GCF_006742205.1,GCF_006742205.1,WP_002456422.1,NZ_AP019721.1,Protein Homology,CDS,1016728,1017222,.,-,0,"ID=cds-WP_002456422.1;Parent=gene-FNL83_RS05150;Dbxref=GenBank:WP_002456422.1;Name=WP_002456422.1;Ontology_term=GO:0006310,GO:0015074,GO:0003677;gbkey=CDS;go_function=DNA binding|0003677||IEA;go_process=DNA recombination|0006310||IEA,DNA integration|0015074||IEA;inference=COORDINATES: similar to AA sequence:RefSeq:WP_002456422.1;locus_tag=FNL83_RS05150;product=site-specific integrase;protein_id=WP_002456422.1;transl_table=11",site-specific integrase
WP_002456424.1@GCF_006742205.1,GCF_006742205.1,WP_002456423.1,NZ_AP019721.1,Protein Homology,CDS,1017381,1017593,.,+,0,ID=cds-WP_002456423.1;Parent=gene-FNL83_RS05155;Dbxref=GenBank:WP_002456423.1;Name=WP_002456423.1;gbkey=CDS;inference=COORDINATES: similar to AA sequence:RefSeq:WP_002456423.1;locus_tag=FNL83_RS05155;product=hypothetical protein;protein_id=WP_002456423.1;transl_table=11,hypothetical protein
WP_002456424.1@GCF_006742205.1,GCF_006742205.1,WP_002456424.1,NZ_AP019721.1,Protein Homology,CDS,1017973,1018707,.,-,0,ID=cds-WP_002456424.1;Parent=gene-FNL83_RS05160;Dbxref=GenBank:WP_002456424.1;Name=WP_002456424.1;gbkey=CDS;inference=COORDINATES: similar to AA sequence:RefSeq:WP_002490110.1;locus_tag=FNL83_RS05160;product=halocin C8 precursor-like protein;protein_id=WP_002456424.1;transl_table=11,halocin C8 precursor-like protein
WP_002456424.1@GCF_006742205.1,GCF_006742205.1,WP_049387519.1,NZ_AP019721.1,Protein Homology,CDS,1019234,1019521,.,-,0,ID=cds-WP_049387519.1;Parent=gene-FNL83_RS05175;Dbxref=GenBank:WP_049387519.1;Name=WP_049387519.1;gbkey=CDS;inference=COORDINATES: similar to AA sequence:RefSeq:WP_002487903.1;locus_tag=FNL83_RS05175;product=hypothetical protein;protein_id=WP_049387519.1;transl_table=11,hypothetical protein
WP_002456424.1@GCF_006742205.1,GCF_006742205.1,WP_002456427.1,NZ_AP019721.1,Protein Homology,CDS,1019683,1020348,.,-,0,ID=cds-WP_002456427.1;Parent=gene-FNL83_RS05180;Dbxref=GenBank:WP_002456427.1;Name=WP_002456427.1;gbkey=CDS;inference=COORDINATES: similar to AA sequence:RefSeq:WP_002474651.1;locus_tag=FNL83_RS05180;product=Ltp family lipoprotein;protein_id=WP_002456427.1;transl_table=11,Ltp family lipoprotein
WP_002456424.1@GCF_006742205.1,GCF_006742205.1,WP_002456429.1,NZ_AP019721.1,Protein Homology,CDS,1021599,1023023,.,+,0,"ID=cds-WP_002456429.1;Parent=gene-FNL83_RS05195;Dbxref=GenBank:WP_002456429.1;Name=WP_002456429.1;Ontology_term=GO:0009234,GO:0005524,GO:0008756;gbkey=CDS;gene=menE;go_function=ATP binding|0005524||IEA,o-succinylbenzoate-CoA ligase activity|0008756||IEA;go_process=menaquinone biosynthetic process|0009234||IEA;inference=COORDINATES: similar to AA sequence:RefSeq:WP_002500620.1;locus_tag=FNL83_RS05195;product=o-succinylbenzoate--CoA ligase;protein_id=WP_002456429.1;transl_table=11",o-succinylbenzoate--CoA ligase
WP_002456424.1@GCF_006742205.1,GCF_006742205.1,WP_001829851.1,NZ_AP019721.1,Protein Homology,CDS,1023013,1024014,.,+,0,"ID=cds-WP_001829851.1;Parent=gene-FNL83_RS05200;Dbxref=GenBank:WP_001829851.1;Name=WP_001829851.1;Ontology_term=GO:0009234,GO:0016829;gbkey=CDS;gene=menC;go_function=lyase activity|0016829||IEA;go_process=menaquinone biosynthetic process|0009234||IEA;inference=COORDINATES: similar to AA sequence:RefSeq:WP_001829851.1;locus_tag=FNL83_RS05200;product=o-succinylbenzoate synthase;protein_id=WP_001829851.1;transl_table=11",o-succinylbenzoate synthase
WP_002456424.1@GCF_006742205.1,GCF_006742205.1,WP_002457867.1,NZ_AP019721.1,Protein Homology,CDS,1024011,1024259,.,-,0,ID=cds-WP_002457867.1;Parent=gene-FNL83_RS05205;Dbxref=GenBank:WP_002457867.1;Name=WP_002457867.1;gbkey=CDS;gene=yidD;inference=COORDINATES: similar to AA sequence:RefSeq:WP_002496811.1;locus_tag=FNL83_RS05205;product=membrane protein insertion efficiency factor YidD;protein_id=WP_002457867.1;transl_table=11,membrane protein insertion efficiency factor YidD
WP_002456424.1@GCF_006742205.1,GCF_006742205.1,WP_002456430.1,NZ_AP019721.1,Protein Homology,CDS,1024330,1024797,.,+,0,"ID=cds-WP_002456430.1;Parent=gene-FNL83_RS05210;Dbxref=GenBank:WP_002456430.1;Name=WP_002456430.1;Ontology_term=GO:0006139,GO:0017111;gbkey=CDS;gene=ytkD;go_function=ribonucleoside triphosphate phosphatase activity|0017111||IEA;go_process=nucleobase-containing compound metabolic process|0006139||IEA;inference=COORDINATES: similar to AA sequence:RefSeq:WP_002503765.1;locus_tag=FNL83_RS05210;product=RNA deprotection pyrophosphohydrolase;protein_id=WP_002456430.1;transl_table=11",RNA deprotection pyrophosphohydrolase
WP_002456424.1@GCF_006742205.1,GCF_006742205.1,WP_002456431.1,NZ_AP019721.1,Protein Homology,CDS,1024784,1025569,.,+,0,ID=cds-WP_002456431.1;Parent=gene-FNL83_RS05215;Dbxref=GenBank:WP_002456431.1;Name=WP_002456431.1;Ontology_term=GO:0016787;gbkey=CDS;go_function=hydrolase activity|0016787||IEA;inference=COORDINATES: similar to AA sequence:RefSeq:WP_002498019.1;locus_tag=FNL83_RS05215;product=alpha/beta hydrolase family protein;protein_id=WP_002456431.1;transl_table=11,alpha/beta hydrolase family protein
WP_002456424.1@GCF_006742205.1,GCF_006742205.1,WP_002489635.1,NZ_AP019721.1,Protein Homology,CDS,1025800,1027392,.,-,0,"ID=cds-WP_002489635.1;Parent=gene-FNL83_RS05220;Dbxref=GenBank:WP_002489635.1;Name=WP_002489635.1;Ontology_term=GO:0006094,GO:0004612;gbkey=CDS;gene=pckA;go_function=phosphoenolpyruvate carboxykinase (ATP) activity|0004612||IEA;go_process=gluconeogenesis|0006094||IEA;inference=COORDINATES: similar to AA sequence:RefSeq:YP_500411.1;locus_tag=FNL83_RS05220;product=phosphoenolpyruvate carboxykinase (ATP);protein_id=WP_002489635.1;transl_table=11",phosphoenolpyruvate carboxykinase (ATP)
NZ_PPQH01000083.1_2@GCF_002902385.1,GCF_002902385.1,NZ_PPQH01000083.1_1,NZ_PPQH01000083.1,Prodigal_v2.6.3,CDS,3,71,15.9,-,0,ID=160_1;partial=10;start_type=ATG;rbs_motif=AGGAG;rbs_spacer=5-10bp;gc_cont=0.333;conf=97.46;score=15.87;cscore=-1.22;sscore=17.09;rscore=14.51;uscore=3.60;tscore=3.33;,
NZ_PPQH01000083.1_2@GCF_002902385.1,GCF_002902385.1,NZ_PPQH01000083.1_2,NZ_PPQH01000083.1,Prodigal_v2.6.3,CDS,169,852,56.2,-,0,ID=160_2;partial=00;start_type=TTG;rbs_motif=None;rbs_spacer=None;gc_cont=0.307;conf=100.00;score=56.23;cscore=76.03;sscore=-19.80;rscore=-12.19;uscore=0.20;tscore=-7.16;,
NZ_PPQH01000083.1_2@GCF_002902385.1,GCF_002902385.1,NZ_PPQH01000083.1_3,NZ_PPQH01000083.1,Prodigal_v2.6.3,CDS,1923,3968,299.1,+,0,ID=160_3;partial=00;start_type=TTG;rbs_motif=AGGAGG;rbs_spacer=5-10bp;gc_cont=0.346;conf=99.99;score=299.10;cscore=286.80;sscore=12.30;rscore=15.09;uscore=4.36;tscore=-7.16;,
NZ_PPQH01000083.1_2@GCF_002902385.1,GCF_002902385.1,NZ_PPQH01000083.1_4,NZ_PPQH01000083.1,Prodigal_v2.6.3,CDS,3983,5416,195.9,+,0,ID=160_4;partial=00;start_type=ATG;rbs_motif=GGAG/GAGG;rbs_spacer=5-10bp;gc_cont=0.301;conf=99.99;score=195.94;cscore=174.89;sscore=21.05;rscore=10.52;uscore=6.08;tscore=3.33;,
WP_082233103.1@GCF_900166625.1,GCF_900166625.1,WP_082233097.1,NZ_LT800499.1,Protein Homology,CDS,1164749,1165570,.,-,0,ID=cds-WP_082233097.1;Parent=gene-B7E06_RS05820;Dbxref=GenBank:WP_082233097.1;Name=WP_082233097.1;gbkey=CDS;inference=COORDINATES: similar to AA sequence:RefSeq:WP_003326196.1;locus_tag=B7E06_RS05820;product=SDR family oxidoreductase;protein_id=WP_082233097.1;transl_table=11,SDR family oxidoreductase
WP_082233103.1@GCF_900166625.1,GCF_900166625.1,WP_179133981.1,NZ_LT800499.1,GeneMarkS-2+,CDS,1165737,1165883,.,-,0,ID=cds-WP_179133981.1;Parent=gene-B7E06_RS21780;Dbxref=GenBank:WP_179133981.1;Name=WP_179133981.1;gbkey=CDS;inference=COORDINATES: ab initio prediction:GeneMarkS-2+;locus_tag=B7E06_RS21780;product=hypothetical protein;protein_id=WP_179133981.1;transl_table=11,hypothetical protein
WP_082233103.1@GCF_900166625.1,GCF_900166625.1,WP_082233098.1,NZ_LT800499.1,Protein Homology,CDS,1166033,1167400,.,-,0,"ID=cds-WP_082233098.1;Parent=gene-B7E06_RS05825;Dbxref=GenBank:WP_082233098.1;Name=WP_082233098.1;Ontology_term=GO:0015803,GO:0015658,GO:0016020;gbkey=CDS;gene=brnQ;go_component=membrane|0016020||IEA;go_function=branched-chain amino acid transmembrane transporter activity|0015658||IEA;go_process=branched-chain amino acid transport|0015803||IEA;inference=COORDINATES: similar to AA sequence:RefSeq:WP_008633854.1;locus_tag=B7E06_RS05825;product=branched-chain amino acid transport system II carrier protein;protein_id=WP_082233098.1;transl_table=11",branched-chain amino acid transport system II carrier protein
WP_082233103.1@GCF_900166625.1,GCF_900166625.1,WP_179133982.1,NZ_LT800499.1,Protein Homology,CDS,1167762,1169984,.,+,0,ID=cds-WP_179133982.1;Parent=gene-B7E06_RS05830;Dbxref=GenBank:WP_179133982.1;Name=WP_179133982.1;gbkey=CDS;inference=COORDINATES: similar to AA sequence:RefSeq:WP_008633910.1;locus_tag=B7E06_RS05830;product=YhgE/Pip domain-containing protein;protein_id=WP_179133982.1;transl_table=11,YhgE/Pip domain-containing protein
WP_082233103.1@GCF_900166625.1,GCF_900166625.1,WP_082233099.1,NZ_LT800499.1,Protein Homology,CDS,1170765,1171499,.,-,0,ID=cds-WP_082233099.1;Parent=gene-B7E06_RS05835;Dbxref=GenBank:WP_082233099.1;Name=WP_082233099.1;gbkey=CDS;inference=COORDINATES: similar to AA sequence:RefSeq:WP_014822643.1;locus_tag=B7E06_RS05835;product=YqcI/YcgG family protein;protein_id=WP_082233099.1;transl_table=11,YqcI/YcgG family protein
WP_082233103.1@GCF_900166625.1,GCF_900166625.1,WP_082233100.1,NZ_LT800499.1,Protein Homology,CDS,1171790,1172773,.,-,0,"ID=cds-WP_082233100.1;Parent=gene-B7E06_RS05840;Dbxref=GenBank:WP_082233100.1;Name=WP_082233100.1;Ontology_term=GO:0055085,GO:0005215,GO:0016020;gbkey=CDS;go_component=membrane|0016020||IEA;go_function=transporter activity|0005215||IEA;go_process=transmembrane transport|0055085||IEA;inference=COORDINATES: similar to AA sequence:RefSeq:WP_017550379.1;locus_tag=B7E06_RS05840;product=DMT family transporter;protein_id=WP_082233100.1;transl_table=11",DMT family transporter
WP_082233103.1@GCF_900166625.1,GCF_900166625.1,WP_082233101.1,NZ_LT800499.1,Protein Homology,CDS,1172862,1173443,.,+,0,"ID=cds-WP_082233101.1;Parent=gene-B7E06_RS05845;Dbxref=GenBank:WP_082233101.1;Name=WP_082233101.1;Ontology_term=GO:0006355,GO:0003677,GO:0003700;gbkey=CDS;go_function=DNA binding|0003677||IEA,DNA-binding transcription factor activity|0003700||IEA;go_process=regulation of DNA-templated transcription|0006355||IEA;inference=COORDINATES: similar to AA sequence:RefSeq:WP_008637439.1;locus_tag=B7E06_RS05845;product=helix-turn-helix domain-containing protein;protein_id=WP_082233101.1;transl_table=11",helix-turn-helix domain-containing protein
WP_082233103.1@GCF_900166625.1,GCF_900166625.1,WP_082233102.1,NZ_LT800499.1,Protein Homology,CDS,1173478,1174239,.,+,0,ID=cds-WP_082233102.1;Parent=gene-B7E06_RS05850;Dbxref=GenBank:WP_082233102.1;Name=WP_082233102.1;Ontology_term=GO:0016491;gbkey=CDS;go_function=oxidoreductase activity|0016491||IEA;inference=COORDINATES: similar to AA sequence:RefSeq:WP_014098324.1;locus_tag=B7E06_RS05850;product=3-oxoacyl-ACP reductase;protein_id=WP_082233102.1;transl_table=11,3-oxoacyl-ACP reductase
WP_082233103.1@GCF_900166625.1,GCF_900166625.1,WP_082233103.1,NZ_LT800499.1,Protein Homology,CDS,1174606,1175391,.,+,0,ID=cds-WP_082233103.1;Parent=gene-B7E06_RS22060;Dbxref=GenBank:WP_082233103.1;Name=WP_082233103.1;gbkey=CDS;inference=COORDINATES: protein motif:HMM:NF040679.1;locus_tag=B7E06_RS22060;product=halocin C8 precursor-like protein;protein_id=WP_082233103.1;transl_table=11,halocin C8 precursor-like protein
WP_082233103.1@GCF_900166625.1,GCF_900166625.1,WP_082233104.1,NZ_LT800499.1,Protein Homology,CDS,1175565,1176566,.,-,0,"ID=cds-WP_082233104.1;Parent=gene-B7E06_RS05860;Dbxref=GenBank:WP_082233104.1;Name=WP_082233104.1;Ontology_term=GO:0008033,GO:0016491,GO:0017150,GO:0050660;gbkey=CDS;go_function=oxidoreductase activity|0016491||IEA,tRNA dihydrouridine synthase activity|0017150||IEA,flavin adenine dinucleotide binding|0050660||IEA;go_process=tRNA processing|0008033||IEA;inference=COORDINATES: similar to AA sequence:RefSeq:WP_013059899.1;locus_tag=B7E06_RS05860;product=tRNA dihydrouridine synthase;protein_id=WP_082233104.1;transl_table=11",tRNA dihydrouridine synthase
WP_082233103.1@GCF_900166625.1,GCF_900166625.1,WP_082233105.1,NZ_LT800499.1,Protein Homology,CDS,1176876,1177808,.,+,0,ID=cds-WP_082233105.1;Parent=gene-B7E06_RS05865;Dbxref=GenBank:WP_082233105.1;Name=WP_082233105.1;gbkey=CDS;inference=COORDINATES: protein motif:HMM:NF047151.2;locus_tag=B7E06_RS05865;product=hypothetical protein;protein_id=WP_082233105.1;transl_table=11,hypothetical protein
WP_082233103.1@GCF_900166625.1,GCF_900166625.1,WP_082233106.1,NZ_LT800499.1,GeneMarkS-2+,CDS,1177835,1178338,.,-,0,ID=cds-WP_082233106.1;Parent=gene-B7E06_RS05870;Dbxref=GenBank:WP_082233106.1;Name=WP_082233106.1;gbkey=CDS;inference=COORDINATES: ab initio prediction:GeneMarkS-2+;locus_tag=B7E06_RS05870;product=hypothetical protein;protein_id=WP_082233106.1;transl_table=11,hypothetical protein
WP_082233103.1@GCF_900166625.1,GCF_900166625.1,WP_082233107.1,NZ_LT800499.1,Protein Homology,CDS,1178457,1179032,.,+,0,ID=cds-WP_082233107.1;Parent=gene-B7E06_RS05875;Dbxref=GenBank:WP_082233107.1;Name=WP_082233107.1;gbkey=CDS;inference=COORDINATES: protein motif:HMM:NF019509.6;locus_tag=B7E06_RS05875;product=phospholipase D-like domain-containing protein;protein_id=WP_082233107.1;transl_table=11,phospholipase D-like domain-containing protein
WP_082233103.1@GCF_900166625.1,GCF_900166625.1,WP_082233108.1,NZ_LT800499.1,Protein Homology,CDS,1179056,1179517,.,+,0,"ID=cds-WP_082233108.1;Parent=gene-B7E06_RS05880;Dbxref=GenBank:WP_082233108.1;Name=WP_082233108.1;Ontology_term=GO:0008080,GO:0016746;gbkey=CDS;go_function=N-acetyltransferase activity|0008080||IEA,acyltransferase activity|0016746||IEA;inference=COORDINATES: similar to AA sequence:RefSeq:WP_004399128.1;locus_tag=B7E06_RS05880;product=GNAT family N-acetyltransferase;protein_id=WP_082233108.1;transl_table=11",GNAT family N-acetyltransferase
WP_082233103.1@GCF_900166625.1,GCF_900166625.1,WP_082233109.1,NZ_LT800499.1,Protein Homology,CDS,1179544,1180272,.,-,0,ID=cds-WP_082233109.1;Parent=gene-B7E06_RS05885;Dbxref=GenBank:WP_082233109.1;Name=WP_082233109.1;gbkey=CDS;inference=COORDINATES: similar to AA sequence:RefSeq:WP_019390748.1;locus_tag=B7E06_RS05885;product=YqcI/YcgG family protein;protein_id=WP_082233109.1;transl_table=11,YqcI/YcgG family protein
WP_082233103.1@GCF_900166625.1,GCF_900166625.1,NZ_LT800499.1_RS22410,NZ_LT800499.1,Protein Homology,CDS,1180378,1180496,.,+,0,"ID=cds-B7E06_RS22410;Parent=gene-B7E06_RS22410;Note=frameshifted%3B incomplete%3B partial in the middle of a contig%3B missing N-terminus;gbkey=CDS;inference=COORDINATES: similar to AA sequence:RefSeq:WP_013084307.1;locus_tag=B7E06_RS22410;partial=true;product=VOC family protein;pseudo=true;start_range=.,1180378;transl_table=11",VOC family protein
WP_082233103.1@GCF_900166625.1,GCF_900166625.1,WP_082233110.1,NZ_LT800499.1,Protein Homology,CDS,1180623,1181405,.,+,0,"ID=cds-WP_082233110.1;Parent=gene-B7E06_RS05890;Dbxref=GenBank:WP_082233110.1;Name=WP_082233110.1;Ontology_term=GO:0006633,GO:0004318;gbkey=CDS;gene=fabI;go_function=enoyl-[acyl-carrier-protein] reductase (NADH) activity|0004318||IEA;go_process=fatty acid biosynthetic process|0006633||IEA;inference=COORDINATES: similar to AA sequence:RefSeq:WP_014459159.1;locus_tag=B7E06_RS05890;product=enoyl-ACP reductase FabI;protein_id=WP_082233110.1;transl_table=11",enoyl-ACP reductase FabI
WP_082233103.1@GCF_900166625.1,GCF_900166625.1,WP_179133983.1,NZ_LT800499.1,Protein Homology,CDS,1181443,1181616,.,-,0,ID=cds-WP_179133983.1;Parent=gene-B7E06_RS21785;Dbxref=GenBank:WP_179133983.1;Name=WP_179133983.1;gbkey=CDS;inference=COORDINATES: similar to AA sequence:RefSeq:WP_009794568.1;locus_tag=B7E06_RS21785;product=hypothetical protein;protein_id=WP_179133983.1;transl_table=11,hypothetical protein
WP_082233103.1@GCF_900166625.1,GCF_900166625.1,WP_082233112.1,NZ_LT800499.1,Protein Homology,CDS,1182217,1183773,.,-,0,ID=cds-WP_082233112.1;Parent=gene-B7E06_RS05900;Dbxref=GenBank:WP_082233112.1;Name=WP_082233112.1;Ontology_term=GO:0016491;gbkey=CDS;go_function=oxidoreductase activity|0016491||IEA;inference=COORDINATES: similar to AA sequence:RefSeq:WP_003252868.1;locus_tag=B7E06_RS05900;product=SagB family peptide dehydrogenase;protein_id=WP_082233112.1;transl_table=11,SagB family peptide dehydrogenase
WP_110516892.1@GCF_003226345.1,GCF_003226345.1,WP_110516867.1,NZ_PDOF01000001.1,Protein Homology,CDS,667686,668081,.,+,0,ID=cds-WP_110516867.1;Parent=gene-CR205_RS03200;Dbxref=GenBank:WP_110516867.1;Name=WP_110516867.1;gbkey=CDS;inference=COORDINATES: similar to AA sequence:RefSeq:WP_010494984.1;locus_tag=CR205_RS03200;product=hypothetical protein;protein_id=WP_110516867.1;transl_table=11,hypothetical protein
WP_110516892.1@GCF_003226345.1,GCF_003226345.1,WP_110516869.1,NZ_PDOF01000001.1,Protein Homology,CDS,668225,669235,.,-,0,"ID=cds-WP_110516869.1;Parent=gene-CR205_RS03205;Dbxref=GenBank:WP_110516869.1;Name=WP_110516869.1;Ontology_term=GO:0042626,GO:0140359;gbkey=CDS;go_function=ATPase-coupled transmembrane transporter activity|0042626||IEA,ABC-type transporter activity|0140359||IEA;inference=COORDINATES: similar to AA sequence:RefSeq:WP_009335896.1;locus_tag=CR205_RS03205;product=iron ABC transporter permease;protein_id=WP_110516869.1;transl_table=11",iron ABC transporter permease
WP_110516892.1@GCF_003226345.1,GCF_003226345.1,WP_110516871.1,NZ_PDOF01000001.1,Protein Homology,CDS,669235,670239,.,-,0,"ID=cds-WP_110516871.1;Parent=gene-CR205_RS03210;Dbxref=GenBank:WP_110516871.1;Name=WP_110516871.1;Ontology_term=GO:0042626,GO:0140359;gbkey=CDS;go_function=ATPase-coupled transmembrane transporter activity|0042626||IEA,ABC-type transporter activity|0140359||IEA;inference=COORDINATES: similar to AA sequence:RefSeq:WP_019156475.1;locus_tag=CR205_RS03210;product=iron ABC transporter permease;protein_id=WP_110516871.1;transl_table=11",iron ABC transporter permease
WP_110516892.1@GCF_003226345.1,GCF_003226345.1,WP_110516873.1,NZ_PDOF01000001.1,Protein Homology,CDS,670270,671193,.,-,0,ID=cds-WP_110516873.1;Parent=gene-CR205_RS03215;Dbxref=GenBank:WP_110516873.1;Name=WP_110516873.1;gbkey=CDS;inference=COORDINATES: similar to AA sequence:RefSeq:WP_016428608.1;locus_tag=CR205_RS03215;product=iron-hydroxamate ABC transporter substrate-binding protein;protein_id=WP_110516873.1;transl_table=11,iron-hydroxamate ABC transporter substrate-binding protein
WP_110516892.1@GCF_003226345.1,GCF_003226345.1,WP_110516875.1,NZ_PDOF01000001.1,Protein Homology,CDS,671147,671989,.,-,0,"ID=cds-WP_110516875.1;Parent=gene-CR205_RS03220;Dbxref=GenBank:WP_110516875.1;Name=WP_110516875.1;Ontology_term=GO:0005524,GO:0016887,GO:0042626,GO:0140359;gbkey=CDS;go_function=ATP binding|0005524||IEA,ATP hydrolysis activity|0016887||IEA,ATPase-coupled transmembrane transporter activity|0042626||IEA,ABC-type transporter activity|0140359||IEA;inference=COORDINATES: similar to AA sequence:RefSeq:WP_009335893.1;locus_tag=CR205_RS03220;product=ABC transporter ATP-binding protein;protein_id=WP_110516875.1;transl_table=11",ABC transporter ATP-binding protein
WP_110516892.1@GCF_003226345.1,GCF_003226345.1,WP_110516877.1,NZ_PDOF01000001.1,Protein Homology,CDS,672119,673168,.,+,0,"ID=cds-WP_110516877.1;Parent=gene-CR205_RS03225;Dbxref=GenBank:WP_110516877.1;Name=WP_110516877.1;Ontology_term=GO:0016491,GO:0050660;gbkey=CDS;go_function=oxidoreductase activity|0016491||IEA,flavin adenine dinucleotide binding|0050660||IEA;inference=COORDINATES: similar to AA sequence:RefSeq:WP_009224610.1;locus_tag=CR205_RS03225;product=NAD(P)/FAD-dependent oxidoreductase;protein_id=WP_110516877.1;transl_table=11",NAD(P)/FAD-dependent oxidoreductase
WP_110516892.1@GCF_003226345.1,GCF_003226345.1,WP_110516879.1,NZ_PDOF01000001.1,Protein Homology,CDS,673199,673624,.,+,0,ID=cds-WP_110516879.1;Parent=gene-CR205_RS03230;Dbxref=GenBank:WP_110516879.1;Name=WP_110516879.1;Ontology_term=GO:0016747;gbkey=CDS;go_function=acyltransferase activity%2C transferring groups other than amino-acyl groups|0016747||IEA;inference=COORDINATES: similar to AA sequence:RefSeq:WP_013401628.1;locus_tag=CR205_RS03230;product=GNAT family N-acetyltransferase;protein_id=WP_110516879.1;transl_table=11,GNAT family N-acetyltransferase
WP_110516892.1@GCF_003226345.1,GCF_003226345.1,WP_110516881.1,NZ_PDOF01000001.1,Protein Homology,CDS,673649,674467,.,+,0,ID=cds-WP_110516881.1;Parent=gene-CR205_RS03235;Dbxref=GenBank:WP_110516881.1;Name=WP_110516881.1;Ontology_term=GO:0016747;gbkey=CDS;go_function=acyltransferase activity%2C transferring groups other than amino-acyl groups|0016747||IEA;inference=COORDINATES: protein motif:HMM:NF024157.5;locus_tag=CR205_RS03235;product=GNAT family N-acetyltransferase;protein_id=WP_110516881.1;transl_table=11,GNAT family N-acetyltransferase
WP_110516892.1@GCF_003226345.1,GCF_003226345.1,WP_110516883.1,NZ_PDOF01000001.1,Protein Homology,CDS,674534,675484,.,+,0,ID=cds-WP_110516883.1;Parent=gene-CR205_RS03240;Dbxref=GenBank:WP_110516883.1;Name=WP_110516883.1;Ontology_term=GO:0004222;gbkey=CDS;go_function=metalloendopeptidase activity|0004222||IEA;inference=COORDINATES: protein motif:HMM:NF013700.5;locus_tag=CR205_RS03240;product=M23 family metallopeptidase;protein_id=WP_110516883.1;transl_table=11,M23 family metallopeptidase
WP_110516892.1@GCF_003226345.1,GCF_003226345.1,WP_110516885.1,NZ_PDOF01000001.1,Protein Homology,CDS,675503,676435,.,+,0,ID=cds-WP_110516885.1;Parent=gene-CR205_RS03245;Dbxref=GenBank:WP_110516885.1;Name=WP_110516885.1;gbkey=CDS;inference=COORDINATES: similar to AA sequence:RefSeq:WP_010194314.1;locus_tag=CR205_RS03245;product=phosphotransferase family protein;protein_id=WP_110516885.1;transl_table=11,phosphotransferase family protein
WP_110516892.1@GCF_003226345.1,GCF_003226345.1,WP_110516888.1,NZ_PDOF01000001.1,Protein Homology,CDS,676416,676871,.,+,0,ID=cds-WP_110516888.1;Parent=gene-CR205_RS03250;Dbxref=GenBank:WP_110516888.1;Name=WP_110516888.1;gbkey=CDS;inference=COORDINATES: similar to AA sequence:RefSeq:WP_017812700.1;locus_tag=CR205_RS03250;product=SRPBCC family protein;protein_id=WP_110516888.1;transl_table=11,SRPBCC family protein
WP_110516892.1@GCF_003226345.1,GCF_003226345.1,WP_110516892.1,NZ_PDOF01000001.1,Protein Homology,CDS,677285,678073,.,+,0,ID=cds-WP_110516892.1;Parent=gene-CR205_RS03260;Dbxref=GenBank:WP_110516892.1;Name=WP_110516892.1;gbkey=CDS;inference=COORDINATES: protein motif:HMM:NF040679.1;locus_tag=CR205_RS03260;product=halocin C8 precursor-like protein;protein_id=WP_110516892.1;transl_table=11,halocin C8 precursor-like protein
WP_110516892.1@GCF_003226345.1,GCF_003226345.1,WP_110516894.1,NZ_PDOF01000001.1,GeneMarkS-2+,CDS,678214,678426,.,+,0,ID=cds-WP_110516894.1;Parent=gene-CR205_RS03265;Dbxref=GenBank:WP_110516894.1;Name=WP_110516894.1;gbkey=CDS;inference=COORDINATES: ab initio prediction:GeneMarkS-2+;locus_tag=CR205_RS03265;product=hypothetical protein;protein_id=WP_110516894.1;transl_table=11,hypothetical protein
WP_110516892.1@GCF_003226345.1,GCF_003226345.1,WP_142669852.1,NZ_PDOF01000001.1,Protein Homology,CDS,678766,679131,.,+,0,ID=cds-WP_142669852.1;Parent=gene-CR205_RS03270;Dbxref=GenBank:WP_142669852.1;Name=WP_142669852.1;gbkey=CDS;inference=COORDINATES: protein motif:HMM:NF025162.5;locus_tag=CR205_RS03270;product=DUF4181 domain-containing protein;protein_id=WP_142669852.1;transl_table=11,DUF4181 domain-containing protein
WP_110516892.1@GCF_003226345.1,GCF_003226345.1,WP_236634691.1,NZ_PDOF01000001.1,Protein Homology,CDS,679167,679490,.,+,0,ID=cds-WP_236634691.1;Parent=gene-CR205_RS03275;Dbxref=GenBank:WP_236634691.1;Name=WP_236634691.1;gbkey=CDS;inference=COORDINATES: similar to AA sequence:RefSeq:WP_010651338.1;locus_tag=CR205_RS03275;product=DNA-binding protein;protein_id=WP_236634691.1;transl_table=11,DNA-binding protein
WP_110516892.1@GCF_003226345.1,GCF_003226345.1,WP_110516898.1,NZ_PDOF01000001.1,GeneMarkS-2+,CDS,679652,680101,.,+,0,ID=cds-WP_110516898.1;Parent=gene-CR205_RS03280;Dbxref=GenBank:WP_110516898.1;Name=WP_110516898.1;gbkey=CDS;inference=COORDINATES: ab initio prediction:GeneMarkS-2+;locus_tag=CR205_RS03280;product=hypothetical protein;protein_id=WP_110516898.1;transl_table=11,hypothetical protein
WP_110516892.1@GCF_003226345.1,GCF_003226345.1,WP_236634692.1,NZ_PDOF01000001.1,Protein Homology,CDS,680254,680817,.,+,0,"ID=cds-WP_236634692.1;Parent=gene-CR205_RS03285;Dbxref=GenBank:WP_236634692.1;Name=WP_236634692.1;Ontology_term=GO:0006352,GO:0006355,GO:0003700,GO:0016987;gbkey=CDS;go_function=DNA-binding transcription factor activity|0003700||IEA,sigma factor activity|0016987||IEA;go_process=DNA-templated transcription initiation|0006352||IEA,regulation of DNA-templated transcription|0006355||IEA;inference=COORDINATES: similar to AA sequence:RefSeq:WP_009924922.1;locus_tag=CR205_RS03285;product=sigma-70 family RNA polymerase sigma factor;protein_id=WP_236634692.1;transl_table=11",sigma-70 family RNA polymerase sigma factor
WP_110516892.1@GCF_003226345.1,GCF_003226345.1,WP_161524652.1,NZ_PDOF01000001.1,Protein Homology,CDS,680817,681251,.,+,0,ID=cds-WP_161524652.1;Parent=gene-CR205_RS03290;Dbxref=GenBank:WP_161524652.1;Name=WP_161524652.1;gbkey=CDS;inference=COORDINATES: protein motif:HMM:NF006931.0;locus_tag=CR205_RS03290;product=PadR family transcriptional regulator;protein_id=WP_161524652.1;transl_table=11,PadR family transcriptional regulator
WP_110516892.1@GCF_003226345.1,GCF_003226345.1,WP_110516902.1,NZ_PDOF01000001.1,Protein Homology,CDS,681248,682564,.,+,0,"ID=cds-WP_110516902.1;Parent=gene-CR205_RS03295;Dbxref=GenBank:WP_110516902.1;Name=WP_110516902.1;Ontology_term=GO:0051301,GO:0016020;gbkey=CDS;go_component=membrane|0016020||IEA;go_process=cell division|0051301||IEA;inference=COORDINATES: protein motif:HMM:NF013279.5;locus_tag=CR205_RS03295;product=FtsW/RodA/SpoVE family cell cycle protein;protein_id=WP_110516902.1;transl_table=11",FtsW/RodA/SpoVE family cell cycle protein
WP_110516892.1@GCF_003226345.1,GCF_003226345.1,WP_110516904.1,NZ_PDOF01000001.1,Protein Homology,CDS,682688,684115,.,-,0,"ID=cds-WP_110516904.1;Parent=gene-CR205_RS03300;Dbxref=GenBank:WP_110516904.1;Name=WP_110516904.1;Ontology_term=GO:0006811,GO:0016020;gbkey=CDS;go_component=membrane|0016020||IEA;go_process=monoatomic ion transport|0006811||IEA;inference=COORDINATES: similar to AA sequence:RefSeq:WP_006637392.1;locus_tag=CR205_RS03300;product=DASS family sodium-coupled anion symporter;protein_id=WP_110516904.1;transl_table=11",DASS family sodium-coupled anion symporter
WP_110516892.1@GCF_003226345.1,GCF_003226345.1,WP_110516906.1,NZ_PDOF01000001.1,Protein Homology,CDS,684358,685365,.,+,0,ID=cds-WP_110516906.1;Parent=gene-CR205_RS03305;Dbxref=GenBank:WP_110516906.1;Name=WP_110516906.1;Ontology_term=GO:0016787;gbkey=CDS;go_function=hydrolase activity|0016787||IEA;inference=COORDINATES: similar to AA sequence:RefSeq:WP_016205435.1;locus_tag=CR205_RS03305;product=serine hydrolase;protein_id=WP_110516906.1;transl_table=11,serine hydrolase
WP_110516892.1@GCF_003226345.1,GCF_003226345.1,WP_110516908.1,NZ_PDOF01000001.1,Protein Homology,CDS,685436,685915,.,+,0,"ID=cds-WP_110516908.1;Parent=gene-CR205_RS03310;Dbxref=GenBank:WP_110516908.1;Name=WP_110516908.1;Ontology_term=GO:0004602,GO:0043295;gbkey=CDS;go_function=glutathione peroxidase activity|0004602||IEA,glutathione binding|0043295||IEA;inference=COORDINATES: similar to AA sequence:RefSeq:WP_002471955.1;locus_tag=CR205_RS03310;product=glutathione peroxidase;protein_id=WP_110516908.1;transl_table=11",glutathione peroxidase
WP_110516892.1@GCF_003226345.1,GCF_003226345.1,WP_110516910.1,NZ_PDOF01000001.1,GeneMarkS-2+,CDS,686060,686455,.,-,0,ID=cds-WP_110516910.1;Parent=gene-CR205_RS03315;Dbxref=GenBank:WP_110516910.1;Name=WP_110516910.1;gbkey=CDS;inference=COORDINATES: ab initio prediction:GeneMarkS-2+;locus_tag=CR205_RS03315;product=hypothetical protein;protein_id=WP_110516910.1;transl_table=11,hypothetical protein
WP_110516892.1@GCF_003226345.1,GCF_003226345.1,WP_110516912.1,NZ_PDOF01000001.1,Protein Homology,CDS,686692,687546,.,-,0,ID=cds-WP_110516912.1;Parent=gene-CR205_RS03320;Dbxref=GenBank:WP_110516912.1;Name=WP_110516912.1;gbkey=CDS;inference=COORDINATES: similar to AA sequence:RefSeq:WP_009794644.1;locus_tag=CR205_RS03320;product=MBL fold metallo-hydrolase;protein_id=WP_110516912.1;transl_table=11,MBL fold metallo-hydrolase
WP_058381518.1@GCF_001465795.2,GCF_001465795.2,WP_058381530.1,NZ_CP013659.2,Protein Homology,CDS,536434,537192,.,-,0,ID=cds-WP_058381530.1;Parent=gene-AUC31_RS02485;Dbxref=GenBank:WP_058381530.1;Name=WP_058381530.1;gbkey=CDS;inference=COORDINATES: similar to AA sequence:RefSeq:WP_019423506.1;locus_tag=AUC31_RS02485;product=gluconate 2-dehydrogenase subunit 3 family protein;protein_id=WP_058381530.1;transl_table=11,gluconate 2-dehydrogenase subunit 3 family protein
WP_058381518.1@GCF_001465795.2,GCF_001465795.2,WP_058381529.1,NZ_CP013659.2,GeneMarkS-2+,CDS,537437,537694,.,-,0,ID=cds-WP_058381529.1;Parent=gene-AUC31_RS02490;Dbxref=GenBank:WP_058381529.1;Name=WP_058381529.1;gbkey=CDS;inference=COORDINATES: ab initio prediction:GeneMarkS-2+;locus_tag=AUC31_RS02490;product=hypothetical protein;protein_id=WP_058381529.1;transl_table=11,hypothetical protein
WP_058381518.1@GCF_001465795.2,GCF_001465795.2,WP_058381528.1,NZ_CP013659.2,Protein Homology,CDS,537922,538119,.,+,0,"ID=cds-WP_058381528.1;Parent=gene-AUC31_RS02495;Dbxref=GenBank:WP_058381528.1;Name=WP_058381528.1;Ontology_term=GO:0043953,GO:0016020;gbkey=CDS;gene=tatA;go_component=membrane|0016020||IEA;go_process=protein transport by the Tat complex|0043953||IEA;inference=COORDINATES: similar to AA sequence:RefSeq:WP_019156049.1;locus_tag=AUC31_RS02495;product=twin-arginine translocase TatA/TatE family subunit;protein_id=WP_058381528.1;transl_table=11",twin-arginine translocase TatA/TatE family subunit
WP_058381518.1@GCF_001465795.2,GCF_001465795.2,WP_058381527.1,NZ_CP013659.2,Protein Homology,CDS,538190,538927,.,+,0,"ID=cds-WP_058381527.1;Parent=gene-AUC31_RS02500;Dbxref=GenBank:WP_058381527.1;Name=WP_058381527.1;Ontology_term=GO:0015628,GO:0005886;gbkey=CDS;gene=tatC;go_component=plasma membrane|0005886||IEA;go_process=protein secretion by the type II secretion system|0015628||IEA;inference=COORDINATES: similar to AA sequence:RefSeq:WP_003330486.1;locus_tag=AUC31_RS02500;product=twin-arginine translocase subunit TatC;protein_id=WP_058381527.1;transl_table=11",twin-arginine translocase subunit TatC
WP_058381518.1@GCF_001465795.2,GCF_001465795.2,WP_058381526.1,NZ_CP013659.2,Protein Homology,CDS,538953,539171,.,+,0,"ID=cds-WP_058381526.1;Parent=gene-AUC31_RS02505;Dbxref=GenBank:WP_058381526.1;Name=WP_058381526.1;Ontology_term=GO:0043953,GO:0016020;gbkey=CDS;gene=tatA;go_component=membrane|0016020||IEA;go_process=protein transport by the Tat complex|0043953||IEA;inference=COORDINATES: similar to AA sequence:RefSeq:WP_010094542.1;locus_tag=AUC31_RS02505;product=twin-arginine translocase TatA/TatE family subunit;protein_id=WP_058381526.1;transl_table=11",twin-arginine translocase TatA/TatE family subunit
WP_058381518.1@GCF_001465795.2,GCF_001465795.2,WP_058381525.1,NZ_CP013659.2,Protein Homology,CDS,539540,540934,.,+,0,"ID=cds-WP_058381525.1;Parent=gene-AUC31_RS02510;Dbxref=GenBank:WP_058381525.1;Name=WP_058381525.1;Ontology_term=GO:0006814,GO:1902600,GO:0015297,GO:0015385,GO:0016020;gbkey=CDS;gene=nhaC;go_component=membrane|0016020||IEA;go_function=antiporter activity|0015297||IEA,sodium:proton antiporter activity|0015385||IEA;go_process=sodium ion transport|0006814||IEA,proton transmembrane transport|1902600||IEA;inference=COORDINATES: similar to AA sequence:RefSeq:WP_011067271.1;locus_tag=AUC31_RS02510;product=Na+/H+ antiporter NhaC;protein_id=WP_058381525.1;transl_table=11",Na+/H+ antiporter NhaC
WP_058381518.1@GCF_001465795.2,GCF_001465795.2,WP_058381524.1,NZ_CP013659.2,GeneMarkS-2+,CDS,541007,541432,.,-,0,ID=cds-WP_058381524.1;Parent=gene-AUC31_RS02515;Dbxref=GenBank:WP_058381524.1;Name=WP_058381524.1;gbkey=CDS;inference=COORDINATES: ab initio prediction:GeneMarkS-2+;locus_tag=AUC31_RS02515;product=hypothetical protein;protein_id=WP_058381524.1;transl_table=11,hypothetical protein
WP_058381518.1@GCF_001465795.2,GCF_001465795.2,WP_058381523.1,NZ_CP013659.2,Protein Homology,CDS,541513,541722,.,-,0,ID=cds-WP_058381523.1;Parent=gene-AUC31_RS02520;Dbxref=GenBank:WP_058381523.1;Name=WP_058381523.1;Ontology_term=GO:0003677;gbkey=CDS;go_function=DNA binding|0003677||IEA;inference=COORDINATES: similar to AA sequence:RefSeq:WP_010676789.1;locus_tag=AUC31_RS02520;product=helix-turn-helix domain-containing protein;protein_id=WP_058381523.1;transl_table=11,helix-turn-helix domain-containing protein
WP_058381518.1@GCF_001465795.2,GCF_001465795.2,WP_058381522.1,NZ_CP013659.2,Protein Homology,CDS,541732,542211,.,-,0,ID=cds-WP_058381522.1;Parent=gene-AUC31_RS02525;Dbxref=GenBank:WP_058381522.1;Name=WP_058381522.1;gbkey=CDS;inference=COORDINATES: similar to AA sequence:RefSeq:WP_017381737.1;locus_tag=AUC31_RS02525;product=DUF2975 domain-containing protein;protein_id=WP_058381522.1;transl_table=11,DUF2975 domain-containing protein
WP_058381518.1@GCF_001465795.2,GCF_001465795.2,WP_058381521.1,NZ_CP013659.2,Protein Homology,CDS,542535,543494,.,-,0,"ID=cds-WP_058381521.1;Parent=gene-AUC31_RS02530;Dbxref=GenBank:WP_058381521.1;Name=WP_058381521.1;Ontology_term=GO:0140359,GO:0055052;gbkey=CDS;go_component=ATP-binding cassette (ABC) transporter complex%2C substrate-binding subunit-containing|0055052||IEA;go_function=ABC-type transporter activity|0140359||IEA;inference=COORDINATES: similar to AA sequence:RefSeq:WP_008408027.1;locus_tag=AUC31_RS02530;product=ABC transporter substrate-binding protein;protein_id=WP_058381521.1;transl_table=11",ABC transporter substrate-binding protein
WP_058381518.1@GCF_001465795.2,GCF_001465795.2,WP_058381520.1,NZ_CP013659.2,Protein Homology,CDS,543491,544033,.,-,0,ID=cds-WP_058381520.1;Parent=gene-AUC31_RS02535;Dbxref=GenBank:WP_058381520.1;Name=WP_058381520.1;gbkey=CDS;inference=COORDINATES: similar to AA sequence:RefSeq:WP_004231886.1;locus_tag=AUC31_RS02535;product=hypothetical protein;protein_id=WP_058381520.1;transl_table=11,hypothetical protein
WP_058381518.1@GCF_001465795.2,GCF_001465795.2,WP_058381519.1,NZ_CP013659.2,Protein Homology,CDS,544572,544820,.,+,0,ID=cds-WP_058381519.1;Parent=gene-AUC31_RS02540;Dbxref=GenBank:WP_058381519.1;Name=WP_058381519.1;gbkey=CDS;inference=COORDINATES: protein motif:HMM:NF040441.4;locus_tag=AUC31_RS02540;product=PF20097 family protein;protein_id=WP_058381519.1;transl_table=11,PF20097 family protein
WP_058381518.1@GCF_001465795.2,GCF_001465795.2,WP_058381518.1,NZ_CP013659.2,Protein Homology,CDS,544927,545712,.,-,0,ID=cds-WP_058381518.1;Parent=gene-AUC31_RS02545;Dbxref=GenBank:WP_058381518.1;Name=WP_058381518.1;gbkey=CDS;inference=COORDINATES: protein motif:HMM:NF040679.1;locus_tag=AUC31_RS02545;product=halocin C8 precursor-like protein;protein_id=WP_058381518.1;transl_table=11,halocin C8 precursor-like protein
WP_058381518.1@GCF_001465795.2,GCF_001465795.2,WP_058381517.1,NZ_CP013659.2,Protein Homology,CDS,546072,546569,.,+,0,ID=cds-WP_058381517.1;Parent=gene-AUC31_RS02550;Dbxref=GenBank:WP_058381517.1;Name=WP_058381517.1;gbkey=CDS;inference=COORDINATES: similar to AA sequence:RefSeq:WP_008496305.1;locus_tag=AUC31_RS02550;product=ferritin;protein_id=WP_058381517.1;transl_table=11,ferritin
WP_058381518.1@GCF_001465795.2,GCF_001465795.2,WP_058381516.1,NZ_CP013659.2,Protein Homology,CDS,546923,547366,.,+,0,ID=cds-WP_058381516.1;Parent=gene-AUC31_RS02555;Dbxref=GenBank:WP_058381516.1;Name=WP_058381516.1;gbkey=CDS;inference=COORDINATES: protein motif:HMM:NF019575.5;locus_tag=AUC31_RS02555;product=prepilin-type N-terminal cleavage/methylation domain-containing protein;protein_id=WP_058381516.1;transl_table=11,prepilin-type N-terminal cleavage/methylation domain-containing protein
WP_058381518.1@GCF_001465795.2,GCF_001465795.2,WP_058381515.1,NZ_CP013659.2,Protein Homology,CDS,547359,547790,.,+,0,"ID=cds-WP_058381515.1;Parent=gene-AUC31_RS02560;Dbxref=GenBank:WP_058381515.1;Name=WP_058381515.1;Ontology_term=GO:0015628,GO:0005886,GO:0015627;gbkey=CDS;go_component=plasma membrane|0005886||IEA,type II protein secretion system complex|0015627||IEA;go_process=protein secretion by the type II secretion system|0015628||IEA;inference=COORDINATES: protein motif:HMM:TIGR02532.1;locus_tag=AUC31_RS02560;product=prepilin-type N-terminal cleavage/methylation domain-containing protein;protein_id=WP_058381515.1;transl_table=11",prepilin-type N-terminal cleavage/methylation domain-containing protein
WP_058381518.1@GCF_001465795.2,GCF_001465795.2,WP_058381514.1,NZ_CP013659.2,GeneMarkS-2+,CDS,547790,549418,.,+,0,ID=cds-WP_058381514.1;Parent=gene-AUC31_RS02565;Dbxref=GenBank:WP_058381514.1;Name=WP_058381514.1;gbkey=CDS;inference=COORDINATES: ab initio prediction:GeneMarkS-2+;locus_tag=AUC31_RS02565;product=hypothetical protein;protein_id=WP_058381514.1;transl_table=11,hypothetical protein
WP_058381518.1@GCF_001465795.2,GCF_001465795.2,WP_058381512.1,NZ_CP013659.2,Protein Homology,CDS,549770,550528,.,-,0,ID=cds-WP_058381512.1;Parent=gene-AUC31_RS02575;Dbxref=GenBank:WP_058381512.1;Name=WP_058381512.1;gbkey=CDS;inference=COORDINATES: protein motif:HMM:NF024107.5;locus_tag=AUC31_RS02575;product=alpha/beta fold hydrolase;protein_id=WP_058381512.1;transl_table=11,alpha/beta fold hydrolase
WP_058381518.1@GCF_001465795.2,GCF_001465795.2,WP_058381511.1,NZ_CP013659.2,Protein Homology,CDS,550851,551420,.,-,0,ID=cds-WP_058381511.1;Parent=gene-AUC31_RS02580;Dbxref=GenBank:WP_058381511.1;Name=WP_058381511.1;gbkey=CDS;inference=COORDINATES: similar to AA sequence:RefSeq:WP_008429585.1;locus_tag=AUC31_RS02580;product=hypothetical protein;protein_id=WP_058381511.1;transl_table=11,hypothetical protein
WP_058381518.1@GCF_001465795.2,GCF_001465795.2,WP_157073447.1,NZ_CP013659.2,GeneMarkS-2+,CDS,552019,552189,.,-,0,ID=cds-WP_157073447.1;Parent=gene-AUC31_RS17635;Dbxref=GenBank:WP_157073447.1;Name=WP_157073447.1;gbkey=CDS;inference=COORDINATES: ab initio prediction:GeneMarkS-2+;locus_tag=AUC31_RS17635;product=hypothetical protein;protein_id=WP_157073447.1;transl_table=11,hypothetical protein
WP_058381518.1@GCF_001465795.2,GCF_001465795.2,WP_058381510.1,NZ_CP013659.2,Protein Homology,CDS,552411,553442,.,+,0,ID=cds-WP_058381510.1;Parent=gene-AUC31_RS02585;Dbxref=GenBank:WP_058381510.1;Name=WP_058381510.1;gbkey=CDS;inference=COORDINATES: protein motif:HMM:NF021537.5;locus_tag=AUC31_RS02585;product=DUF2268 domain-containing protein;protein_id=WP_058381510.1;transl_table=11,DUF2268 domain-containing protein
WP_058381518.1@GCF_001465795.2,GCF_001465795.2,WP_058381509.1,NZ_CP013659.2,GeneMarkS-2+,CDS,554107,554568,.,+,0,ID=cds-WP_058381509.1;Parent=gene-AUC31_RS02590;Dbxref=GenBank:WP_058381509.1;Name=WP_058381509.1;gbkey=CDS;inference=COORDINATES: ab initio prediction:GeneMarkS-2+;locus_tag=AUC31_RS02590;product=hypothetical protein;protein_id=WP_058381509.1;transl_table=11,hypothetical protein
WP_058381518.1@GCF_001465795.2,GCF_001465795.2,WP_157073448.1,NZ_CP013659.2,GeneMarkS-2+,CDS,554707,554874,.,+,0,ID=cds-WP_157073448.1;Parent=gene-AUC31_RS17640;Dbxref=GenBank:WP_157073448.1;Name=WP_157073448.1;gbkey=CDS;inference=COORDINATES: ab initio prediction:GeneMarkS-2+;locus_tag=AUC31_RS17640;product=hypothetical protein;protein_id=WP_157073448.1;transl_table=11,hypothetical protein
